id,name,birth_year,death_year,nationality,literary_movement,biographical_notes,wikidata_id,created_at,updated_at,author_notes
43,Adela Rogers St. Johns,1894,1988,United States,,"American journalist, novelist, and screenwriter (1894-1988). Born in Los Angeles. Died in Arroyo Grande. Occupations: journalist, screenwriter, biographer, writer, essayist, novelist",Q353774,2025-06-17T03:44:44.513472,2025-06-20T22:11:36.269881,
121,Adele Bleneau,,,,,,,2025-06-18T02:29:21.222936,2025-06-18T02:29:21.222936,
319,Adeline Leitzbach,1884,1968,,,American playwright and screenwriter. Born in Buffalo. Occupations: screenwriter,Q23688855,2025-07-07T19:54:06.660067,2025-07-07T19:55:27.990144,
307,Adria Locke Langley,1899,1983,United States,,"American writer (1899–1983). Occupations: writer, novelist",Q4684769,2025-07-07T19:54:06.660067,2025-07-07T19:55:12.732615,
403,Agnes Louise Provost,,,,,American writer. Occupations: writer,Q114665346,2025-07-09T17:57:33.053183,2025-07-09T18:25:13.726175,
96,Agnes Newton Keith,1901,1982,"United States, Malaysia",,"American novelist and memoirist (1901—1982). Occupations: novelist, writer",Q4693095,2025-06-17T03:44:44.513472,2025-06-17T16:38:34.1973,
251,Alberta Pierson Hannum,1906,1985,,,writer. Occupations: writer,Q105375750,2025-07-05T22:18:25.74318,2025-07-05T22:22:59.314213,
203,Alberta Stedman Eagan,,,,,,,2025-06-24T13:48:25.835294,2025-06-24T13:48:25.835294,
263,Alexine Heyland,,,,,,,2025-07-05T22:18:25.74318,2025-07-05T22:18:25.74318,
24,Alice Duer Miller,1894,1985,United States,,American screenwriter (1894-1985). Born in Milwaukee. Died in Woodland Hills. Occupations: screenwriter,Q3611673,2025-06-17T03:44:44.513472,2025-06-18T02:04:20.604794,also wrote under the pseud Clara Bartram
5,Alice Hegan Rice,1870,1942,United States,,"American writer. Born in Shelbyville. Died in Louisville. Occupations: humorist, novelist, short story writer, writer. Notable works: Mrs. Wiggs of the Cabbage Patch",Q4725909,2025-06-17T03:44:44.513472,2025-06-17T16:36:36.227967,
11,Alice MacGowan,1858,1947,United States,,"American author. Born in Perrysburg. Died in Los Gatos. Occupations: novelist, writer",Q13563114,2025-06-17T03:44:44.513472,2025-06-17T16:36:44.451419,
418,Alice M. Roberts,,,,,,-,2025-07-11T14:45:25.562884,2025-07-16T02:40:14.046681,
7,Alice Muriel Williamson,1869,1933,"United Kingdom, United Kingdom of Great Britain and Ireland",,"British novelist, frequently as duo with husband C. N. Williamson. Born in Cleveland. Died in Bath. Occupations: writer, novelist",Q4726025,2025-06-17T03:44:44.513472,2025-06-20T17:52:20.404847,
173,Alice Ross Colver,,,,,,,2025-06-19T17:55:47.602155,2025-06-19T17:55:47.602155,
266,Alice Tisdale Hobart,1882,1967,United States,,"American writer (1882-1967). Born in Lockport. Occupations: writer, historian, novelist",Q1594680,2025-07-05T22:18:25.74318,2025-07-05T22:23:18.316486,
176,Allene Corliss,,,,,,,2025-06-19T17:55:47.602155,2025-06-19T17:55:47.602155,
434,Alma Sioux Scarberry,1899,1990,,,[occupation:script-writer; radio producer; author] [dates:1925-1930] [archive:American Biographical Archive]. Occupations: writer,Q110284489,2025-07-16T02:22:05.085796,2025-07-16T02:26:01.196977,
213,Angna Enters,1897,1989,United States,,"American dancer, mime, painter, writer, novelist and playwright (1897-1989). Born in New York City. Died in Tenafly. Occupations: mime artist, dancer, painter, autobiographer, actor",Q4763725,2025-06-24T13:48:25.835294,2025-06-24T14:30:52.44389,
52,Anita Loos,1888,1981,United States,,"American screenwriter, playwright, author, actress and television producer (1888-1981). Born in Mount Shasta. Died in New York City. Occupations: film actor, screenwriter, writer, autobiographer, memoirist, novelist. Notable works: Gentlemen Prefer Blondes",Q272088,2025-06-17T03:44:44.513472,2025-06-17T16:37:40.142343,
166,Anna Alice Chapin,1880,1920,United States,,"American writer. Born in New York City. Died in New York City. Occupations: writer, novelist",Q4766815,2025-06-19T17:55:47.602155,2025-06-20T17:53:47.034436,
243,Anna Katharine Green,1846,1935,United States,,"novelist (1846-1935). Born in Brooklyn. Died in Buffalo. Occupations: novelist, poet, writer. Notable works: The Leavenworth Case",Q442130,2025-07-04T00:53:10.886851,2025-07-04T03:29:23.879218,
425,Anna Perrott Rose,,,,,,,2025-07-11T14:45:25.562884,2025-07-11T14:45:25.562884,pseud of Anna Maria Rose Wright
65,Anne Austin,1895,1975,United States,,American crime writer (1895-1975). Born in Waco. Died in Los Angeles. Occupations: crime fiction writer,Q19606547,2025-06-17T03:44:44.513472,2025-06-17T16:37:57.049976,
153,Anne Cameron,,,,,,-,2025-06-19T17:55:47.602155,2025-06-23T03:47:50.882438,
287,Anne Jordan,,,,,,-,2025-07-06T14:38:37.419857,2025-07-06T16:32:11.594596,
391,Anne Parrish,1888,1957,United States,,"American children's writer (1888–1957). Born in Colorado Springs. Died in Danbury. Occupations: novelist, writer, art collector, children's writer. Notable works: The Dream Coach",Q565684,2025-07-09T17:57:33.053183,2025-07-09T18:25:01.051949,
284,Annie Fellows Johnston,1863,1931,United States,,"American writer. Born in Evansville. Died in Pewee Valley. Occupations: children's writer, novelist, writer",Q4769278,2025-07-06T14:38:37.419857,2025-07-06T14:48:38.954208,
438,Anya Seton,1904,1990,United States,,"American author of historical fiction (1904-1990). Born in New York City. Died in Old Greenwich. Occupations: novelist, writer, screenwriter. Notable works: Green Darkness, The Winthrop Woman, Katherine, My Theodosia, Dragonwyck",Q2857861,2025-07-16T02:22:05.085796,2025-07-16T02:26:04.613009,
36,Anzia Yezierska,1880,1970,"United States, Poland",,"American writer (1880–1970). Born in Płońsk. Died in Ontario. Occupations: novelist, author, writer. Notable works: Hungry Hearts, Bread Givers",Q535396,2025-06-17T03:44:44.513472,2025-06-17T16:37:16.601812,
373,Audrey Munson,,,,,,,2025-07-08T22:18:42.615814,2025-07-08T22:18:42.615814,
215,Augusta Wilson,,,,,,,2025-06-24T13:48:25.835294,2025-06-24T13:48:25.835294,aka Augusta Jane Evans Wilson
345,Aurora Mardiganian,1901,1994,United States,,"American actress (1901-1994). Born in Çemişgezek. Died in Los Angeles. Occupations: writer, actor",Q4822564,2025-07-08T22:18:42.615814,2025-07-08T22:56:59.028811,
49,Beatrice Burton,1894,1983,United States,,"American writer (1894-1983). Born in Cleveland. Died in Naples. Occupations: novelist, writer, actor",Q4877134,2025-06-17T03:44:44.513472,2025-06-17T16:37:35.898943,
372,Bella Muni,,,,,,,2025-07-08T22:18:42.615814,2025-07-08T22:18:42.615814,
342,Belle K. Maniates,1861,1931,United States,,Greek-American novelist. Born in Marshall. Died in Lansing. Occupations: writer,Q63067808,2025-07-08T22:18:42.615814,2025-07-08T22:56:55.283144,
139,Bernice Brown,,,,,,,2025-06-18T02:56:53.711236,2025-06-18T02:56:53.711236,
252,Bertita Harding,1902,1971,United States,,"American writer. Born in Nuremberg. Died in Mexico City. Occupations: pianist, writer, biographer",Q16007025,2025-07-05T22:18:25.74318,2025-07-05T22:23:00.892305,
133,Bessie Breuer,1893,1975,United States,,"American journalist, novelist and playwright. Born in Cleveland. Occupations: playwright, writer, novelist, journalist",Q4896467,2025-06-18T02:50:10.932622,2025-06-20T17:53:03.163849,
358,Bess Meredyth,1890,1969,United States,,"Film actress, Film writer (1890-1969). Born in Buffalo. Died in Woodland Hills. Occupations: screenwriter, writer, actor, film actor, film director",Q458801,2025-07-08T22:18:42.615814,2025-07-08T22:57:16.958053,
55,Bess Streeter Aldrich,1881,1954,United States,,"American author (1881–1954). Born in Cedar Falls. Died in Lincoln. Occupations: novelist, writer. Notable works: A Lantern in Her Hand",Q4896373,2025-06-17T03:44:44.513472,2025-06-17T16:37:43.302418,
132,Beta Breuil,1876,,United States,,"script editor and screenwriter. Born in New York City. Occupations: film producer, film editor, screenwriter, film director",Q28047982,2025-06-18T02:48:30.96183,2025-06-20T17:53:01.555387,pseud of Elizabeth Donner Vanderveer
140,Beth Brown,,,,,,,2025-06-18T02:59:06.541005,2025-06-18T02:59:06.541005,
149,Betty Burbridge,1895,1987,United States,,"American screenwriter and actress (1895-1987). Born in San Diego. Died in Tarzana. Occupations: actor, film actor, television writer, film screenwriter, screenwriter",Q964910,2025-06-18T03:30:18.08117,2025-06-20T17:53:21.553458,
335,Betty MacDonald,1907,1958,United States,,"American writer (1907–1958). Born in Boulder. Died in Seattle. Occupations: writer, children's writer. Notable works: Onions in the Stew, Mrs. Piggle-Wiggle, The Egg and I",Q454748,2025-07-08T22:18:42.615814,2025-07-08T22:56:48.181775,
423,Betty Rogers,,,,,,,2025-07-11T14:45:25.562884,2025-07-11T14:45:25.562884,aka Betty Blake
83,Betty Smith,1896,1972,United States,,"American author (1896–1972). Born in Brooklyn. Died in Shelton. Occupations: children's writer, screenwriter, writer, playwright, novelist. Notable works: A Tree Grows in Brooklyn",Q273730,2025-06-17T03:44:44.513472,2025-06-17T16:38:16.772077,
199,Beulah Marie Dix,1876,1970,United States,,"American screenwriter, children's book author (1876-1970). Born in Kingston. Died in Woodland Hills. Occupations: screenwriter, writer, children's writer, novelist",Q3639218,2025-06-23T00:49:56.759267,2025-06-23T01:12:29.087229,
402,Beulah Poynter,1883,1960,United States,,"American actor, writer and playwright. Born in Eagleville. Died in Nassau County. Occupations: novelist, stage actor, actor",Q17009628,2025-07-09T17:57:33.053183,2025-07-09T18:25:12.047256,
128,Blanche Brace,,,,,,,2025-06-18T02:42:34.641016,2025-06-18T02:42:34.641016,
33,B. M. Bower,1871,1940,United States,,"American writer (1871–1940). Born in Cleveland. Died in Los Angeles. Occupations: screenwriter, novelist, teacher, writer. Notable works: Flying U",Q2899250,2025-06-17T03:44:44.513472,2025-06-17T16:37:12.122879,
250,Brooke Hanlon,,,,,,,2025-07-05T22:18:25.74318,2025-07-05T22:18:25.74318,
210,Carmen Ballen Edington,,,,,,,2025-06-24T13:48:25.835294,2025-06-24T13:48:25.835294,see https://archive.ph/qQI1D
118,Carol Bird,,,,,,,2025-06-18T02:25:39.458996,2025-06-18T02:25:39.458996,
37,Caroline Abbot Stanley,1849,1919,United States,,"American author. Born in Callaway County. Died in Fulton. Occupations: novelist, writer",Q23419104,2025-06-17T03:44:44.513472,2025-06-17T16:37:18.115041,
10,Caroline Lockhart,1871,1962,United States,,,Q96000546,2025-06-17T03:44:44.513472,2025-06-20T18:09:46.488432,
135,Carol Ryrie Brink,1895,1981,United States,,"American children's writer. Born in Moscow. Died in La Jolla. Occupations: writer, children's writer, novelist. Notable works: Baby Island, Magical Melons, Caddie Woodlawn",Q5044537,2025-06-18T02:52:36.597512,2025-06-20T17:53:06.998295,
428,Carolyn Green Rothstein,,,,,,,2025-07-11T14:45:25.562884,2025-07-11T14:45:25.562884,
293,Carolyn Keene,1892,1982,United States,,"American juvenile mystery novelist and publisher. Born in Newark. Died in Tewksbury Township. Occupations: writer, children's writer, novelist. Notable works: Nancy Drew",Q3040664,2025-07-07T17:04:42.08949,2025-07-07T19:54:55.286678,"pseud of the authors of the Nancy Drew mystery stories produced by the Stratemeyer Syndicate, notably Mildred Wirt Benson and Harriet Stratemeyer Adams"
98,Carson McCullers,1917,1967,United States,,"American writer (1917–1967). Born in Columbus. Died in Nyack. Occupations: screenwriter, prose writer, writer, poet, playwright, novelist. Notable works: The Heart Is a Lonely Hunter, The Member of the Wedding",Q230591,2025-06-17T03:44:44.513472,2025-06-17T16:38:37.281143,
126,Catherine Drinker Bowen,1897,1973,United States,,"American writer. Born in Haverford. Died in Haverford. Occupations: biographer, writer, historian, violinist, novelist",Q2941900,2025-06-18T02:38:38.626096,2025-06-20T17:52:52.662151,
347,Catherine Marshall,1914,1983,,,,Q5052809,2025-07-08T22:18:42.615814,2025-07-09T18:32:08.833318,
277,Cecilia Viets Jamison,1837,1909,Canada,,Canadian writer (1837–1909). Born in Yarmouth. Died in Boston. Occupations: writer,Q4160150,2025-07-06T14:38:37.419857,2025-07-06T14:48:29.512678,
85,Charlotte Armstrong,1905,1969,United States,,"American writer (1905–1969). Born in Vulcan. Died in Glendale. Occupations: playwright, screenwriter, novelist, writer",Q120578,2025-06-17T03:44:44.513472,2025-06-17T16:38:19.738034,
328,Charmian London,1871,1955,United States,,"American writer (1871-1955). Born in Los Angeles. Died in Glen Ellen. Occupations: writer, biographer",Q5086489,2025-07-07T19:54:06.660067,2025-07-07T19:55:38.602519,
90,Cid Ricketts Sumner,1890,1970,United States,,American writer. Occupations: novelist,Q5119485,2025-06-17T03:44:44.513472,2025-06-17T16:38:26.192685,
397,Claire Phillips,1908,1960,,,,Q5125282,2025-07-09T17:57:33.053183,2025-07-09T18:36:53.950351,"aka Claire Maybelle Snyder, Clara Fuentes, Clara Phillips, and Dorothy Fuentes"
309,Clara E. Laughlin,1873,1941,United States,,"American writer (1873–1941). Born in New York City. Died in Chicago. Occupations: writer, biographer, actor",Q15996459,2025-07-07T19:54:06.660067,2025-07-07T19:55:15.736298,
150,Clara Louise Burnham,1854,1927,United States,,"American novelist. Born in Newton. Died in Bailey Island. Occupations: writer, novelist",Q29463958,2025-06-18T03:31:52.032704,2025-06-20T17:53:23.576389,
280,Clare Jaynes,,,,,combined pseudonym of co-writers Jane Mayer and Clara Spiegel. Occupations: writer,Q25338397,2025-07-06T14:38:37.419857,2025-07-06T14:48:34.118859,pseud of writing partners Jane Mayer and Clara Spiegel
184,Clarissa Fairchild Cushman,,,,,,,2025-06-19T17:55:47.602155,2025-06-19T17:55:47.602155,
61,Cleo Lucas,,,,,,,2025-06-17T03:44:44.513472,2025-06-17T03:44:44.513472,
286,Constance Bridges Jones,,,,,,,2025-07-06T14:38:37.419857,2025-07-06T14:38:37.419857,
247,Cornelia Baird Gross,,,,,,,2025-07-04T00:53:10.886851,2025-07-04T00:53:10.886851,
253,Corra Mae Harris,1869,1935,United States,,"American writer. Born in Elbert County. Died in Atlanta. Occupations: writer, journalist, novelist",Q5172696,2025-07-05T22:18:25.74318,2025-07-05T22:23:02.567744,
165,Countess de Chambrun,,,,,,,2025-06-19T17:55:47.602155,2025-06-19T17:55:47.602155,pseud of Clara Longworth De Chambrun
82,Craig Rice,1908,1957,United States,,"American writer (1908-1957). Born in Chicago. Died in Los Angeles. Occupations: screenwriter, novelist, writer",Q1639201,2025-06-17T03:44:44.513472,2025-06-17T16:38:15.205763,
331,Dana Lyon,1897,1982,Germany,,Born in Marburg. Occupations: crime fiction writer,Q17350240,2025-07-07T19:54:06.660067,2025-07-07T19:55:42.98604,aka Mabel Dana Lyon
401,Dawn Powell,1896,1965,United States,,"(1896-1965) American writer. Born in Mount Gilead. Died in New York City. Occupations: novelist, writer, journalist, short story writer",Q3703786,2025-07-09T17:57:33.053183,2025-07-09T18:25:10.582325,
211,Della Gould Emmons,1890,1983,United States,,American writer (1890–1983). Born in Glencoe. Died in Tacoma. Occupations: writer,Q4558726,2025-06-24T13:48:25.835294,2025-06-24T14:30:49.75986,
104,Diana Barrymore,1921,1960,United States,,"American actress (1921–1960). Born in New York City. Died in New York City. Occupations: talk show host, film actor, actor, stage actor, television actor, writer",Q444125,2025-06-17T03:44:44.513472,2025-06-17T16:38:44.319928,
125,Diana Bourbon,1900,1978,,,"American writer, actress. Occupations: actor, journalist, screenwriter, radio producer",Q108387417,2025-06-18T02:37:57.41586,2025-06-20T17:52:51.086863,
272,Doris Hume,,,,,,,2025-07-05T22:18:25.74318,2025-07-05T22:18:25.74318,
341,Doris Malloy and Gertrude Orr,,,,,,,2025-07-08T22:18:42.615814,2025-07-08T22:18:42.615814,
198,Doris Miles Disney,1907,1976,United States,,"American mystery writer (1907-1976). Born in Glastonbury. Died in Fredericksburg. Occupations: writer, novelist",Q3037070,2025-06-23T00:49:56.759267,2025-06-23T01:12:27.667532,
131,Dorothea Brande,1893,1948,United States,,American writer and editor (1893–1948). Born in Chicago. Died in New Hampshire. Occupations: journalist,Q5298236,2025-06-18T02:46:55.568707,2025-06-20T17:52:59.738316,aka Dorothea Thompson Brande Collins
92,Dorothy Baker,1907,1968,United States,,"American novelist (1907-1968). Born in Missoula. Died in Terra Bella. Occupations: screenwriter, novelist, short story writer, writer. Notable works: Young Man with a Horn",Q5298302,2025-06-17T03:44:44.513472,2025-06-17T16:38:29.175389,
78,Dorothy B. Hughes,1904,1993,United States,,"American writer (1904-1993). Born in Kansas City. Died in Ashland. Occupations: science fiction writer, journalist, screenwriter, writer, novelist, literary critic, poet. Notable works: In a Lonely Place",Q1778440,2025-06-17T03:44:44.513472,2025-06-17T16:38:10.12442,
154,Dorothy Canfield,1879,1958,United States,,"American author and social activist (1879–1958). Born in Lawrence. Died in Arlington. Occupations: writer, journalist, translator, children's writer, literary critic, linguist, novelist",Q5298346,2025-06-19T17:55:47.602155,2025-06-20T17:53:29.050099,aka Dorothea Frances Canfield Fisher
162,Dorothy Caruso,1893,1955,United States,,wife of Enrico Caruso (1893–1955). Born in New York City. Died in New York City. Occupations: writer,Q1250275,2025-06-19T17:55:47.602155,2025-06-20T17:53:41.313436,
249,Dorothy Curnow Handley,,,,,,,2025-07-05T22:18:25.74318,2025-07-05T22:18:25.74318,
193,Dorothy Day,1897,1980,United States,,"American journalist, social activist, and Catholic convert (1897-1980)",Q150281,2025-06-23T00:49:56.759267,2025-06-23T03:49:59.861857,
195,Dorothy De Jagers,,,,,,,2025-06-23T00:49:56.759267,2025-06-23T00:49:56.759267,
240,Dorothy Goodfellow,,,,,,,2025-07-04T00:53:10.886851,2025-07-04T00:53:10.886851,
269,Dorothy Howell,1899,1971,,,American screenwriter. Born in Chicago. Occupations: screenwriter,Q60256903,2025-07-05T22:18:25.74318,2025-07-05T22:23:22.656614,
105,Dorothy M. Johnson,1908,1992,United States,,"American entomologist and collector. Born in Spokane. Died in Columbus. Occupations: entomologist, scientific collector, taxonomist",Q84167374,2025-06-17T03:44:44.513472,2025-06-17T16:38:45.734066,
389,Dorothy Parker,1893,1967,United States,,"American poet, short story writer, critic and satirist (1893-1967). Born in West End. Died in New York City. Occupations: writer, journalist, songwriter, dialogue writer, poet, literary critic, screenwriter, columnist",Q270707,2025-07-09T17:57:33.053183,2025-07-09T18:24:59.228213,
448,Dorothy Rice Sims,,,,,,,2025-07-16T02:22:05.085796,2025-07-16T02:22:05.085796,
435,Dorothy Scarborough,1878,1935,United States,,"American writer. Born in Smith County. Died in New York City. Occupations: novelist, writer. Notable works: The Wind",Q3037185,2025-07-16T02:22:05.085796,2025-07-16T02:26:02.702306,
437,Dorothy Segall,,,,,,,2025-07-16T02:22:05.085796,2025-07-16T02:22:05.085796,
197,Edith Barnard Delano,1874,1946,,,"writer. Born in Washington, D.C.. Died in Deerfield. Occupations: writer",Q106943814,2025-06-23T00:49:56.759267,2025-06-23T01:12:25.972945,
86,Edith Kneipple Roberts,1902,1966,,,1902-1966. Occupations: writer,Q120433162,2025-06-17T03:44:44.513472,2025-06-20T17:52:29.293634,
382,Edith O'Shaughnessy,1870,1939,,,American writer. Born in Columbia. Occupations: writer,Q5338634,2025-07-09T14:45:05.973542,2025-07-09T14:48:45.573012,
22,Edith Wharton,1862,1937,United States,,"American novelist, short story writer, designer (1862–1937). Born in New York City. Died in Saint-Brice-sous-Forêt. Occupations: art historian, prose writer, writer, novelist, translator, poet. Notable works: Old New York, The Custom of the Country, The Greater Inclination, The Age of Innocence, The Mount",Q276032,2025-06-17T03:44:44.513472,2025-06-17T16:37:01.060887,
94,Edna Anhalt,1914,1987,United States,,"screenwriter (1914–1987). Born in New York City. Occupations: film producer, screenwriter",Q911247,2025-06-17T03:44:44.513472,2025-06-17T16:38:32.248762,
40,Edna Ferber,1885,1968,United States,,"American novelist, short story writer and playwright (1885–1968). Born in Kalamazoo. Occupations: journalist, short story writer, screenwriter, writer, playwright, novelist, poet. Notable works: Saratoga Trunk, Personality Plus, Show Boat, Cimarron, So Big",Q283496,2025-06-17T03:44:44.513472,2025-06-17T16:37:22.887241,
313,Edna Henry Lee Turpin,1867,1952,,,"American author. Born in Mecklenburg County. Died in Richmond. Occupations: writer, children's writer",Q5340052,2025-07-07T19:54:06.660067,2025-07-07T19:55:20.539261,
68,Edna May Baker,,,,,,,2025-06-17T03:44:44.513472,2025-06-17T03:44:44.513472,
443,Edna Sherry,1885,1967,United States,,"American playwright (1885-1967). Born in Cincinnati. Died in New York City. Occupations: playwright, writer",Q16025230,2025-07-16T02:22:05.085796,2025-07-16T02:26:08.453258,
321,Edwina LeVin,,,,,screenwriter in the silent film era. Occupations: screenwriter,Q118188067,2025-07-07T19:54:06.660067,2025-07-07T19:55:30.755228,aka Edwina Levin MacDonald
112,Eileen Bassing,,,,,,,2025-06-18T02:06:41.532425,2025-06-18T02:06:41.532425,
407,E.J. Rath,,,,,,,2025-07-11T14:45:25.562884,2025-07-11T14:45:25.562884,pseud of Edith Rathbone Jacobs Brainerd and her husband
89,Eleanor Atkinson,1863,1942,United States,,"American author, journalist and teacher.. Born in Rensselaer. Occupations: novelist, journalist, teacher, writer",Q5354396,2025-06-17T03:44:44.513472,2025-06-17T16:38:24.747263,
143,Eleanor Browne,,,,,,-,2025-06-18T03:02:43.18093,2025-06-23T03:50:16.801639,
246,Eleanore Griffin,1904,1995,United States,,American screenwriter (1904-1995). Born in Saint Paul. Died in Woodland Hills. Occupations: screenwriter,Q1325753,2025-07-04T00:53:10.886851,2025-07-04T03:29:28.265818,
234,Eleanor Gates,1875,1951,United States,,"American playwright (1875-1951). Born in Shakopee. Died in Los Angeles. Occupations: playwright, writer. Notable works: Good-Night (Buenas Noches)",Q3721233,2025-07-04T00:53:10.886851,2025-07-04T03:29:15.725098,
107,Eleanor Hallowell Abbott,1873,1958,United States,,"American author (1873–1958). Born in Cambridge. Died in Portsmouth. Occupations: writer, poet, children's writer, novelist",Q519064,2025-06-18T01:36:22.106322,2025-06-20T17:52:34.103998,aka Eleanor Hallowell
130,Eleanor Hoyt Brainerd,1868,1942,United States,,"American writer (1868-1942). Born in Iowa City. Died in Pasadena. Occupations: novelist, journalist",Q5354293,2025-06-18T02:46:21.221035,2025-06-20T17:52:57.706545,
400,Eleanor H. Porter,1868,1920,United States,,"American novelist. Born in Littleton. Died in Cambridge. Occupations: writer, children's writer. Notable works: Pollyanna, Miss Billy",Q235368,2025-07-09T17:57:33.053183,2025-07-09T18:25:09.180851,
274,Eleanor Marie Ingram,,,,,,,2025-07-06T14:38:37.419857,2025-07-06T14:38:37.419857,
353,Eleanor Mayo,,,,,,,2025-07-08T22:18:42.615814,2025-07-08T22:18:42.615814,
20,Eleanor Mercein Kelly,1880,1968,United States,,American writer. Born in Milwaukee. Died in Louisville. Occupations: writer,Q17308995,2025-06-17T03:44:44.513472,2025-06-17T16:36:57.86482,
429,Eleanor Ruggles,1916,2008,United States,,American writer (1916-2008). Born in Boston. Occupations: writer,Q15447400,2025-07-11T14:45:25.562884,2025-07-16T02:25:53.096986,
46,Elenore Meherin,1887,1963,United States,,"American writer. Born in San Francisco. Died in San Francisco. Occupations: journalist, novelist",Q110769674,2025-06-17T03:44:44.513472,2025-06-17T16:37:31.623451,
30,Elinor Chipp,,,,,,,2025-06-17T03:44:44.513472,2025-06-17T03:44:44.513472,
170,Elisabeth Cobb,1902,1959,United States,,American writer. Died in New York City. Occupations: writer,Q121200091,2025-06-19T17:55:47.602155,2025-06-20T17:53:50.547848,aka Elisabeth Cobb Chapman
67,Elisabeth Sanxay Holding,1889,1955,United States,,"American author. Born in Brooklyn. Died in The Bronx. Occupations: novelist, writer",Q3051104,2025-06-17T03:44:44.513472,2025-06-17T16:38:00.075432,
117,Elisa Bialk,1908,1990,United States,,"American writer. Died in Hilton Head Island. Occupations: short story writer, novelist",Q115924808,2025-06-18T02:21:09.58882,2025-06-20T17:52:44.956192,
39,Elizabeth Alexander,,,,,,-,2025-06-17T03:44:44.513472,2025-07-16T02:41:59.785723,
175,Elizabeth Cooper,,,,,,-,2025-06-19T17:55:47.602155,2025-06-23T03:51:53.499112,
196,Elizabeth Dejeans,1868,1928,,,American writer. Occupations: writer,Q114065088,2025-06-23T00:49:56.759267,2025-06-23T01:12:24.557211,pseud of Frances Elizabeth Janes Budgett
201,Elizabeth Dunn,,,,,,,2025-06-23T00:49:56.759267,2025-06-23T00:49:56.759267,
278,Elizabeth Janeway,1913,2005,United States,,"American novelist, critic, activist. Born in Brooklyn. Died in Rye. Occupations: literary critic, historian, novelist, women's rights activist, writer",Q5363029,2025-07-06T14:38:37.419857,2025-07-06T14:48:30.890453,
288,Elizabeth Jordan,,,,,,-,2025-07-06T14:38:37.419857,2025-07-06T16:32:20.516058,
419,Elizabeth Madox Roberts,1881,1941,United States,,"novelist and poet (1881–1941). Born in Perryville. Died in Orlando. Occupations: poet, novelist, writer",Q577565,2025-07-11T14:45:25.562884,2025-07-16T02:25:43.721062,
386,Elizabeth Page,1889,1969,United States,,"American novelist (1889-1969). Occupations: novelist, writer, screenwriter",Q18155691,2025-07-09T17:57:33.053183,2025-07-09T18:24:55.599383,aka Elizabeth Merwin Page Harris
420,Elizabeth Robins,1862,1952,United States,,"actor, producer, playwright, novelist and feminist (1862-1952). Born in Louisville. Died in Brighton. Occupations: novelist, suffragette, playwright, actor, writer, librarian",Q3723416,2025-07-11T14:45:25.562884,2025-07-16T02:25:45.340693,
76,Ellen Glasgow,1873,1945,United States,,"Novelist, short story writer (1873–1945). Born in Richmond. Died in Richmond. Occupations: writer, suffragette, essayist, novelist, poet. Notable works: In This Our Life",Q433325,2025-06-17T03:44:44.513472,2025-06-17T16:38:08.385941,
279,Elsie Janis,1889,1956,United States,,"American actress of stage and screen (1889-1956). Born in Columbus. Died in Beverly Hills. Occupations: singer, film actor, actor, songwriter, stage actor, screenwriter",Q2144892,2025-07-06T14:38:37.419857,2025-07-06T14:48:32.32424,
436,Elsie Schauffler,,,,,,,2025-07-16T02:22:05.085796,2025-07-16T02:22:05.085796,
281,Emilie Johnson,,,,,,-,2025-07-06T14:38:37.419857,2025-07-06T16:32:00.223151,
99,Emily Dunning Barringer,1876,1961,United States,,,,2025-06-17T03:44:44.513472,2025-06-17T22:05:32.804088,
301,Emily Kimbrough and Cornelia Otis Skinner,,,,,,,2025-07-07T17:04:42.08949,2025-07-07T17:04:42.08949,
453,Emma-Lindsay Squier,1892,1941,,,1892-. Occupations: writer,Q110941576,2025-07-16T02:22:05.085796,2025-07-16T02:26:20.201823,
155,Ernestine Gilbreth Carey,1908,2006,United States,,"Author, memoirist (1908–2006). Born in New York. Died in Fresno. Occupations: writer",Q522426,2025-06-19T17:55:47.602155,2025-06-20T17:53:30.777265,
221,Esther Forbes,1891,1967,United States,,"novelist (1891-1967). Born in Westborough. Died in Worcester. Occupations: writer, biographer, novelist, historian, children's writer. Notable works: Johnny Tremain, Paul Revere and the World He Lived In",Q454420,2025-07-02T23:42:40.28474,2025-07-03T00:46:29.285649,
295,Ethel May Kelley,1878,1955,,,American writer. Occupations: writer,Q110060339,2025-07-07T17:04:42.08949,2025-07-07T19:54:58.463529,
394,Ethel Petit,,,,,,,2025-07-09T17:57:33.053183,2025-07-09T17:57:33.053183,aka Mrs. Arthur Somers Roche
200,Ethel Smith Dorrance,1880,,,,1880-; E. S. Dorrance. Born in Pennsylvania. Occupations: writer,Q120815424,2025-06-23T00:49:56.759267,2025-06-23T01:12:30.550903,
371,Ethel Watts Mumford,1878,1940,United States,,"American writer (1878-1940). Occupations: writer, playwright, humorist, poet, illustrator, short story writer, novelist",Q5403229,2025-07-08T22:18:42.615814,2025-07-08T22:57:33.395167,
444,Etta Shiber,,,,,,,2025-07-16T02:22:05.085796,2025-07-16T02:22:05.085796,aka Etta Kahn Shiber
208,Eve Burkhardt,,,,,,,2025-06-24T13:48:25.835294,2025-06-24T13:48:25.835294,"co-writer Robert F. Burkhardt, under the pseud Rob Eden"
182,Eve Curie,1904,2007,"United States, France",,"writer, journalist and pianist, younger daughter of Marie and Pierre Curie. Born in 13th arrondissement of Paris. Died in Manhattan. Occupations: war correspondent, biographer, writer, pianist, journalist, diplomat, French resistance fighter, music critic, screenwriter. Notable works: Journey Among Warriors, Madame Curie",Q230068,2025-06-19T17:55:47.602155,2025-06-20T17:54:05.026577,
41,Evelyn Campbell,1874,1961,,,"American screenwriter. Occupations: Ziegfeld girl, screenwriter",Q60641805,2025-06-17T03:44:44.513472,2025-06-17T16:37:24.292868,
460,Evelyn Greenleaf Sutherland,1855,1908,United States,,"American journalist and writer (1855-1908). Born in Cambridge. Died in Boston. Occupations: journalist, writer, screenwriter",Q1381749,2025-07-16T02:22:05.085796,2025-07-16T02:26:29.629779,
57,Faith Baldwin,1893,1978,United States,,"American author of romance and fiction. Born in New Rochelle. Died in Norwalk. Occupations: novelist, writer",Q5431144,2025-06-17T03:44:44.513472,2025-06-17T16:37:46.358561,
311,Fannie Heaslip Lea,1884,1955,United States,,American writer. Born in New Orleans. Died in New York City. Occupations: writer,Q5433956,2025-07-07T19:54:06.660067,2025-07-07T19:55:18.864728,
25,Fannie Hurst,1889,1968,United States,,"American novelist (1889–1968). Born in Hamilton. Died in New York City. Occupations: novelist, writer. Notable works: Back Street",Q275719,2025-06-17T03:44:44.513472,2025-06-17T16:37:04.294215,
300,Fannie Kilbourn,,,,,Occupations: writer,Q95742159,2025-07-07T17:04:42.08949,2025-07-07T19:55:06.021786,
256,Fanny Hatton,1869,1939,United States,,"American screenwriter, playwright. Born in Chicago. Occupations: playwright, screenwriter, actor",Q60899621,2025-07-05T22:18:25.74318,2025-07-05T22:23:06.889702,
97,Fay Kanin,1917,2013,United States,,"American screenwriter, playwright and producer (1917-2013). Born in New York City. Died in Santa Monica. Occupations: television writer, film actor, screenwriter, writer, film screenwriter, film producer",Q304588,2025-06-17T03:44:44.513472,2025-06-17T16:38:35.713211,
332,Florence Bingham Livingston,,,,,,,2025-07-08T02:41:44.908962,2025-07-08T02:41:44.908962,
297,Florence Finch Kelly,1858,1939,United States,,"Novelist, journalist. Occupations: writer, journalist, novelist",Q19560967,2025-07-07T17:04:42.08949,2025-07-07T19:55:01.456129,
318,Florence Leighton,,,,,,,2025-07-07T19:54:06.660067,2025-07-07T19:54:06.660067,aka Florence Leighton Pfalzgraf
302,Florence Morse Kingsley,1859,1937,United States,,American writer (1859–1937). Born in Medina County. Died in Staten Island. Occupations: writer,Q19897825,2025-07-07T17:04:42.08949,2025-07-07T19:55:07.991243,
432,Florence Ryerson,1892,1965,United States,,"American playwright, screenwriter (1892-1965). Born in Glendale. Died in Mexico City. Occupations: playwright, writer, screenwriter",Q5460771,2025-07-11T14:45:25.562884,2025-07-16T02:25:58.014904,
392,Frances Gray Patton,1906,2000,United States,,"American writer of short stories, plays, and novels (1906-2000). Born in Raleigh. Died in Durham. Occupations: novelist, writer. Notable works: Good Morning, Miss Dove",Q5478671,2025-07-09T17:57:33.053183,2025-07-09T18:25:02.736198,
3,Frances Hodgson Burnett,1849,1924,"United Kingdom of Great Britain and Ireland, United Kingdom, United States",,"English-American playwright and author (1849–1924). Born in Manchester. Died in Plandome Manor. Occupations: children's writer, short story writer, writer, playwright, dramaturge, novelist. Notable works: The Lost Prince, The Secret Garden, Little Lord Fauntleroy, The Shuttle, The Head of the House of Coombe",Q276028,2025-06-17T03:44:44.513472,2025-06-17T16:36:33.0294,
346,Frances Marion,1888,1973,United States,,"American journalist, author, film director and screenwriter (1888-1973). Born in San Francisco. Died in Los Angeles. Occupations: journalist, screenwriter, film screenwriter, writer, actor, film actor, film director, novelist",Q463883,2025-07-08T22:18:42.615814,2025-07-08T22:57:00.620983,
244,Frances Nimmo Greene,1867,1937,United States,,"American educator and author (1867-1937). Born in Tuscaloosa. Occupations: novelist, playwright, children's writer, librarian, short story writer, head teacher, newspaper editor, writer",Q64313396,2025-07-04T00:53:10.886851,2025-07-16T02:44:55.284799,
255,Frances Noyes Hart,1890,1943,United States,,"American writer (1890-1943). Born in Washington, D.C.. Died in New Canaan. Occupations: writer, crime fiction writer",Q5478872,2025-07-05T22:18:25.74318,2025-07-05T22:23:05.409577,
456,Frances Roberta Sterrett,,,,,American writer. Occupations: writer,Q133458141,2025-07-16T02:22:05.085796,2025-07-16T02:26:23.601964,
12,Gene Stratton-Porter,1863,1924,United States,,"American writer and naturalist (1863–1924). Born in Wabash County. Died in Los Angeles. Occupations: children's writer, photographer, naturalist, illustrator, architect, writer, ecologist, novelist. Notable works: A Girl of the Limberlost, Freckles",Q5531480,2025-06-17T03:44:44.513472,2025-06-17T16:36:46.044195,
123,Geraldine Bonner,1870,1930,United States,,"American writer (1870–1930). Born in Staten Island. Occupations: writer, novelist",Q5549723,2025-06-18T02:31:28.250433,2025-06-20T17:52:48.780484,
16,Gertrude Atherton,1857,1948,United States,,"American author (1857–1948). Born in San Francisco. Died in San Francisco. Occupations: screenwriter, novelist, non-fiction writer, writer",Q137679,2025-06-17T03:44:44.513472,2025-06-17T16:36:52.097227,
415,Gertrude Rigdon,,,,,,,2025-07-11T14:45:25.562884,2025-07-11T14:45:25.562884,
93,Gertrude Walker,1902,1995,United States,,"American crime writer (1902-1995). Born in Rockwell. Died in Palm Springs. Occupations: crime fiction writer, screenwriter, novelist, writer",Q3104395,2025-06-17T03:44:44.513472,2025-06-17T16:38:30.842794,
291,Gina Kaus,1893,1985,Austria,,"Screenwriter, novelist (1893–1985). Born in Vienna. Died in Los Angeles. Occupations: writer, screenwriter, novelist",Q89265,2025-07-07T17:04:42.08949,2025-07-07T19:54:53.696579,
304,Ginger Lamb,,,,,,,2025-07-07T19:54:06.660067,2025-07-07T19:54:06.660067,
101,Gladys Atwater,1899,1988,United States,,"American screenwriter. Born in Oakland. Occupations: screenwriter, writer",Q60813344,2025-06-17T03:44:44.513472,2025-06-17T16:38:41.032256,
282,Gladys E. Johnson,,,,,,,2025-07-06T14:38:37.419857,2025-07-06T14:38:37.419857,
160,Gladys Hasty Carroll,1904,1999,United States,,"American fiction writer who featured Maine frequently (1904–1999). Occupations: writer, novelist",Q5566419,2025-06-19T17:55:47.602155,2025-06-20T17:53:38.155796,
141,Grace Drew Brown,,,,,,,2025-06-18T03:00:13.008925,2025-06-18T03:00:13.008925,
229,Grace Flandrau,1886,1971,United States,,American writer (1886-1971). Born in Saint Paul. Died in Farmington. Occupations: journalist,Q5591171,2025-07-03T19:59:48.566612,2025-07-04T03:29:12.259668,"aka Grace Hodgson Flandrau. Sometimes incorrectly credited as ""Grace Landrau."""
330,Grace Livingston Hill,1865,1947,United States,,"American writer, novelist, and short story writer (1865–1947). Born in Wellsville. Occupations: writer, short story writer, novelist",Q4497585,2025-07-07T19:54:06.660067,2025-07-07T19:55:41.544632,aka Marcia Macdonald
144,Grace Lovell Bryan,,,,,,,2025-06-18T03:04:01.540842,2025-06-18T03:04:01.540842,
174,Grace MacGowan Cooke,1863,1944,United States,,American novelist. Born in Grand Rapids. Died in Los Gatos. Occupations: writer,Q63607777,2025-06-19T17:55:47.602155,2025-06-20T17:53:54.295564,
359,Grace Metalious,1924,1964,United States,,"American-French writer. Born in Manchester. Died in New Hampshire. Occupations: writer, novelist. Notable works: Peyton Place",Q456336,2025-07-08T22:18:42.615814,2025-07-08T22:57:18.632715,
4,Grace Miller White,1868,1957,United States,,"American writer (1868-1957). Occupations: novelist, writer",Q5591308,2025-06-17T03:44:44.513472,2025-06-17T16:36:34.700562,
365,Grace Moore,1898,1947,,,,Q253757,2025-07-08T22:18:42.615814,2025-07-09T18:32:57.466747,
339,Grace Perkins,1900,1955,,,American screenwriter. Born in Boston. Occupations: screenwriter,Q62059369,2025-07-08T22:18:42.615814,2025-07-08T22:56:53.282951,also wrote under the pseud Dora Macy
351,Grace Sartwell Mason,1876,1966,United States,,"American journalist, critic, and writer. Born in Port Allegany. Occupations: writer, journalist",Q50366984,2025-07-08T22:18:42.615814,2025-07-08T22:57:08.416125,
312,Grace Sothcote Leake,,,,,,,2025-07-07T19:54:06.660067,2025-07-07T19:54:06.660067,
459,Grace Zaring Stone,1891,1991,United States,,"American writer (1891-1991). Occupations: novelist, writer",Q3088826,2025-07-16T02:22:05.085796,2025-07-16T02:26:27.96407,
136,Gwen Bristow,1903,1980,United States,,"American author and journalist (1903–1980). Born in Marion. Died in New Orleans. Occupations: journalist, writer, novelist, screenwriter. Notable works: The Invisible Host, Jubilee Trail",Q447244,2025-06-18T02:53:33.367658,2025-06-20T17:53:08.564795,aka Mrs. Bruce Manning
187,Gwen Davenport,1909,2002,,,"novelist. Born in Colón City. Died in Louisville. Occupations: playwright, novelist",Q106648905,2025-06-23T00:49:56.759267,2025-06-23T01:12:13.399309,
314,Gypsy Rose Lee,1911,1970,United States,,"American burlesque performer, actress and author (1911–1970). Born in Seattle. Died in Los Angeles. Occupations: screenwriter, actor, film actor, stripper, television actor, novelist, stage actor",Q267186,2025-07-07T19:54:06.660067,2025-07-07T19:55:21.973542,
69,Hagar Wilde,1905,1971,United States,,American writer (1905–1971). Born in Toledo. Occupations: screenwriter,Q5638549,2025-06-17T03:44:44.513472,2025-06-17T16:38:01.756321,
417,Hallie Erminie Rives,1874,1956,United States,,"American writer (1874-1956). Born in Hopkinsville. Died in New York City. Occupations: novelist, writer",Q5642970,2025-07-11T14:45:25.562884,2025-07-16T02:25:40.614354,
317,Hannah Lees,,,,,,-,2025-07-07T19:54:06.660067,2025-07-09T18:35:32.612613,pseud of Elizabeth Head Fetter
315,Harper Lee,1926,2016,United States,,"author of To Kill a Mockingbird. Born in Monroeville. Died in Monroeville. Occupations: screenwriter, actor, prose writer, musician, poet lawyer, writer, novelist. Notable works: Go Set a Watchman, To Kill a Mockingbird",Q182658,2025-07-07T19:54:06.660067,2025-07-07T19:55:23.440231,
2,Harriet Beecher Stowe,1811,1896,United States,,"American abolitionist and author (1811–1896). Born in Litchfield. Died in Hartford. Occupations: children's writer, short story writer, abolitionist, writer, essayist, novelist, poet. Notable works: Still, Still with Thee, Uncle Tom's Cabin, Dred: A Tale of the Great Dismal Swamp, A Key to Uncle Tom's Cabin",Q102513,2025-06-17T03:44:44.513472,2025-06-17T16:36:31.254892,
259,Harriet Henry,,,,,,,2025-07-05T22:18:25.74318,2025-07-05T22:18:25.74318,
450,Harriet Lummis Smith,1866,1947,United States,,American author. Born in Auburndale. Died in Philadelphia. Occupations: writer,Q56990659,2025-07-16T02:22:05.085796,2025-07-16T02:26:17.061199,
369,Harriet Morris,,,,,,,2025-07-08T22:18:42.615814,2025-07-08T22:18:42.615814,
64,Harriette Ashbrook,1898,1946,United States,,US-american crime writer. Occupations: crime fiction writer,Q28007662,2025-06-17T03:44:44.513472,2025-06-17T16:37:55.591227,
8,Harriet Theresa Comstock,1860,1925,United States,,,Q5664346,2025-06-17T03:44:44.513472,2025-06-17T16:57:51.442308,
327,Hazel Livingston,,,,,,,2025-07-07T19:54:06.660067,2025-07-07T19:54:06.660067,
106,Helen Aberson,1907,1999,United States,,"American writer (1907–1999). Born in Syracuse. Died in New York City. Occupations: writer, children's writer. Notable works: Dumbo, the Flying Elephant",Q3129587,2025-06-18T01:35:22.098308,2025-06-20T17:52:32.178942,
157,Helen Grace Carlisle,1898,1968,United States,,"American writer. Born in New York City. Occupations: writer, screenwriter",Q12019397,2025-06-19T17:55:47.602155,2025-06-20T17:53:32.700245,
1,Helen Hunt Jackson,1830,1885,United States,,"American novelist, poet, writer, activist (1830–1885). Born in Amherst. Died in San Francisco. Occupations: novelist, poet, journalist, writer. Notable works: A Century of Dishonor",Q462363,2025-06-17T03:44:44.513472,2025-06-17T16:36:29.712102,
294,Helen Keller,1880,1968,,,"Deafblind author, political activist, lecturer, scholar",Q113307877,2025-07-07T17:04:42.08949,2025-07-16T02:38:09.979746,
79,Helen MacInnes,1907,1985,"United Kingdom, United States",,"20th-century Scottish-American author. Born in Glasgow. Died in New York City. Occupations: librarian, novelist, writer",Q454595,2025-06-17T03:44:44.513472,2025-06-17T16:38:11.524392,
387,Helen Papashvily,1906,1996,,,American author (1906-1996). Occupations: writer,Q19667400,2025-07-09T17:57:33.053183,2025-07-09T18:24:57.163564,
349,Helen Reimensnyder Martin,1868,1939,United States,,"American writer (1868–1939). Born in Lancaster. Died in New Canaan. Occupations: writer, novelist",Q5703041,2025-07-08T22:18:42.615814,2025-07-08T22:57:05.298605,
270,Helen Rose Hull,1888,1971,,,"American novelist, feminist, and English professor. Born in Albion. Occupations: writer, novelist",Q23303108,2025-07-05T22:18:25.74318,2025-07-05T22:23:24.116143,
440,Hilda M. Sharp,,,,,,,2025-07-16T02:22:05.085796,2025-07-16T02:22:05.085796,
216,Ida M. Evans,,,,,"American writer. Occupations: short story writer, writer",Q108450876,2025-06-24T13:48:25.835294,2025-06-24T14:30:56.700036,
447,Ida Vera Simonton,1870,1931,,,"American writer and lecturer (1870-1931). Occupations: novelist, writer",Q104772200,2025-07-16T02:22:05.085796,2025-07-16T02:26:13.167995,
163,Irene Castle,,,,,novelist. Occupations: novelist,Q108792649,2025-06-19T17:55:47.602155,2025-06-20T17:53:43.029907,
384,Isabel Ostrander,1883,1924,United States,,writer. Occupations: writer,Q16031267,2025-07-09T14:45:05.973542,2025-07-09T14:48:48.608006,
426,Ishbel Ross,1895,1975,"United Kingdom, United Kingdom of Great Britain and Ireland",,"Scottish-American newspaper reporter and writer (1895-1975). Born in Bonar Bridge. Died in New York City. Occupations: journalist, biographer, novelist, writer",Q23932702,2025-07-11T14:45:25.562884,2025-07-16T02:25:50.712458,
77,Isobel Scott Rorick,1900,1967,United States,,,,2025-06-17T03:44:44.513472,2025-06-17T22:07:09.381084,
223,Izola Forrester,1878,1944,United States,,"American writer. Occupations: journalist, screenwriter",Q6102108,2025-07-02T23:42:40.28474,2025-07-03T00:46:30.867566,
73,Jane Allen,,,,,,-,2025-06-17T03:44:44.513472,2025-06-23T03:50:49.396576,"group pseud of Silvia Schulman and Jane Shore, and later Jane Shore and ???"
151,Jane Burr,,,,,,,2025-06-18T03:33:21.117954,2025-06-18T03:33:21.117954,pseud of Rose Burr
248,Jane Hall,,,,,,-,2025-07-05T22:18:25.74318,2025-07-06T16:32:45.364282,
356,Jane McIlvaine,,,,,,,2025-07-08T22:18:42.615814,2025-07-08T22:18:42.615814,aka Jane McClary
375,Jeanette Nolan,,,,,,,2025-07-09T14:45:05.973542,2025-07-09T14:45:05.973542,
299,Jean Kerr,1922,2003,United States,,"Irish-American author and playwright. Born in Scranton. Died in White Plains. Occupations: writer, playwright",Q10306550,2025-07-07T17:04:42.08949,2025-07-07T19:55:04.453456,
308,Jean Lee Latham,1902,1995,United States,,"American children's writer (1902–1995). Born in Buckhannon. Occupations: writer, children's writer, biographer",Q6171019,2025-07-07T19:54:06.660067,2025-07-07T19:55:14.216986,
290,Jeanne Judson,1888,1981,United States,,"American journalist. Born in Michigan. Died in New York City. Occupations: children's writer, journalist, writer",Q16025031,2025-07-06T14:38:37.419857,2025-07-06T14:48:46.569636,
74,Jeannette Stratton Porter,,,,,,,2025-06-17T03:44:44.513472,2025-06-17T03:44:44.513472,
27,Jean Webster,1876,1916,United States,,"American novelist (1876-1916). Born in Fredonia. Died in New York City. Occupations: children's writer, journalist, short story writer, screenwriter, humorist, writer, playwright, novelist",Q238140,2025-06-17T03:44:44.513472,2025-06-17T16:37:05.925261,
385,Jean Z. Owen,,,,,,,2025-07-09T14:45:05.973542,2025-07-09T14:45:05.973542,
316,Jennette Lee,1860,1951,United States,,"American writer and academic (1860–1951). Born in Bristol. Died in Northampton. Occupations: writer, novelist, university teacher, scholar of English. Notable works: Mr. Achilles",Q39167718,2025-07-07T19:54:06.660067,2025-07-07T19:55:24.974668,aka Jennette Barbour Perry Lee
329,Joan Lowell,1902,1967,United States,,"American actress (1902-1967). Born in California. Died in Brasília. Occupations: writer, film actor, actor",Q1690761,2025-07-07T19:54:06.660067,2025-07-07T19:55:40.108264,
374,Josefina Niggli,1910,1983,Mexico,,"Anglo-American playwright and novelist. Born in Monterrey. Died in Cullowhee. Occupations: novelist, poet, writer",Q6280347,2025-07-09T14:45:05.973542,2025-07-09T14:48:34.648751,
116,Josephine Bentham,,,,,,,2025-06-18T02:20:02.803483,2025-06-18T02:20:02.803483,
110,Josephine Daskam Bacon,1876,1961,United States,,"American writer (1876-1961). Born in Stamford. Died in New York. Occupations: playwright, writer, short story writer, children's writer, novelist, humorist",Q6288343,2025-06-18T01:57:25.66646,2025-06-20T17:52:37.494781,
310,Josephine Lawrence,1889,1978,United States,,"writer. Occupations: writer, journalist, novelist",Q6288403,2025-07-07T19:54:06.660067,2025-07-07T19:55:17.256284,
81,Judith Kelly,,,,,,,2025-06-17T03:44:44.513472,2025-06-17T03:44:44.513472,
326,Julie M. Lippmann,1864,1952,United States,,American writer and dramatist. Born in Brooklyn. Died in Cincinnati. Occupations: writer,Q21039727,2025-07-07T19:54:06.660067,2025-07-07T19:55:36.664577,
13,Kate Douglas Wiggin,1856,1923,United States,,"American writer (1856-1923). Born in Philadelphia. Died in Harrow. Occupations: children's writer, teacher, short story writer, humorist, writer, essayist, novelist, poet",Q438241,2025-06-17T03:44:44.513472,2025-06-17T16:36:47.525573,
289,Kate Jordan,,,,,,-,2025-07-06T14:38:37.419857,2025-07-06T16:31:39.188986,
35,Kate Langley Bosher,1865,1932,United States,,"American writer (1865–1932). Born in Norfolk. Died in Richmond. Occupations: suffragist, novelist, writer",Q6375592,2025-06-17T03:44:44.513472,2025-06-17T16:37:15.009637,
237,Katharine Fullerton Gerould,1879,1944,United States,,American writer. Born in Brockton. Occupations: writer,Q6376175,2025-07-04T00:53:10.886851,2025-07-04T03:29:17.351002,aka Katharine F. Gerould
32,Katharine Newlin Burt,1882,1977,United States,,"American novelist and film scenarist (1882-1977). Occupations: novelist, writer",Q47993548,2025-06-17T03:44:44.513472,2025-06-17T16:37:10.674164,
214,Katherine Albert,1902,1970,United States,,"American actor and screenwriter (1902-1970). Born in Louisville. Died in Santa Monica. Occupations: screenwriter, writer, actor",Q3194023,2025-06-24T13:48:25.835294,2025-06-24T14:30:54.933277,aka Katherine Eunson
63,Katherine Brush,1902,1952,United States,,"American writer (1902-1952). Occupations: columnist, novelist, writer",Q6376162,2025-06-17T03:44:44.513472,2025-06-17T16:37:54.035089,
265,Katherine Hill,,,,,,-,2025-07-05T22:18:25.74318,2025-07-05T22:24:29.873349,
26,Katherine Leiser Robbins,,,,,,,2025-06-17T03:44:44.513472,2025-06-17T03:44:44.513472,
366,Katherine Leslie Moore,,,,,,,2025-07-08T22:18:42.615814,2025-07-08T22:18:42.615814,
399,Katherine Pinkerton,,,,,,,2025-07-09T17:57:33.053183,2025-07-09T17:57:33.053183,
169,Katherine Thatcher Clugston,,,,,,,2025-06-19T17:55:47.602155,2025-06-19T17:55:47.602155,
376,Kathleen Norris,1880,1966,United States,,,Q6376862,2025-07-09T14:45:05.973542,2025-07-09T18:28:41.503828,
442,Kathleen Shepard,,,,,,,2025-07-16T02:22:05.085796,2025-07-16T02:22:05.085796,pseud of Suzanne Rice
88,Kathryn Forbes,1908,1966,United States,,American writer (1908–1966). Born in San Francisco. Died in San Francisco. Occupations: writer,Q2020013,2025-06-17T03:44:44.513472,2025-06-17T16:38:23.215171,
271,Kathryn Hulme,1900,1981,United States,,"American writer. Born in San Francisco. Died in Līhuʻe. Occupations: writer, novelist",Q6377059,2025-07-05T22:18:25.74318,2025-07-05T22:23:25.622057,
127,Kay Boyle,1902,1992,United States,,"American writer, educator, political activist (1902–1992). Born in Saint Paul. Died in Mill Valley. Occupations: writer, journalist, translator, children's writer, pedagogue, poet, novelist, author",Q529639,2025-06-18T02:39:34.885218,2025-06-20T17:52:54.291142,
461,Kay Swift,1897,1993,United States,,"American composer of popular and classical music (1897–1993). Born in Manhattan. Died in Southington. Occupations: composer, songwriter",Q469546,2025-07-16T02:22:05.085796,2025-07-16T02:26:31.43288,
424,Kelley Roos,,,,,,,2025-07-11T14:45:25.562884,2025-07-11T14:45:25.562884,joint pseud of Audrey Kelley and William Roos
226,Ketti Frings,1909,1981,United States,,"American dramatist and screenwriter (1909–1981). Born in Columbus. Died in Los Angeles. Occupations: writer, screenwriter",Q1739986,2025-07-02T23:42:40.28474,2025-07-03T00:46:35.099003,aka Katherine Hartley
147,Kitty Buhler,,,,,,,2025-06-18T03:27:42.970289,2025-06-18T03:27:42.970289,"aka Esther ""Kitty"" Buhler Bradley, aka Esther Dora Biolo"
236,K.R.G. Granger,,,,,,,2025-07-04T00:53:10.886851,2025-07-04T00:53:10.886851,pseud of Kathleen B. George and Robert A. Granger
413,Laura E. Richards,1850,1943,United States,,"American writer (1850-1943). Born in Boston. Died in Gardiner. Occupations: poet, biographer, children's writer, writer",Q6498881,2025-07-11T14:45:25.562884,2025-07-16T02:25:37.635205,aka Laura Elizabeth Howe Richards
50,Laura Jean Libbey,1862,1924,United States,,"American writer. Born in New York City. Died in Brooklyn. Occupations: novelist, writer",Q6499053,2025-06-17T03:44:44.513472,2025-06-17T16:37:37.350922,
267,Laura Z. Hobson,1900,1986,United States,,"novelist. Born in Manhattan. Died in Manhattan. Occupations: writer, novelist",Q6499575,2025-07-05T22:18:25.74318,2025-07-05T22:23:19.812244,
190,Lavinia Davis,,,,,,,2025-06-23T00:49:56.759267,2025-06-23T00:49:56.759267,
172,Lenore J. Coffee,1896,1984,United States,,"American screenwriter, playwright, novelist (1896-1984). Born in San Francisco. Died in Woodland Hills. Occupations: playwright, writer, screenwriter, script",Q1818206,2025-06-19T17:55:47.602155,2025-06-20T17:53:52.555093,
186,Leona Dalrymple,1884,1968,United States,,"American writer. Occupations: screenwriter, novelist",Q13563146,2025-06-23T00:49:56.759267,2025-06-23T01:12:11.860001,
122,Libbie Block,1910,1972,United States,,"American writer. Occupations: writer, novelist",Q6540396,2025-06-18T02:29:47.377959,2025-06-20T17:52:47.29957,
114,Lillian Bennett-Thompson,,,,,,,2025-06-18T02:15:16.243554,2025-06-18T02:15:16.243554,
168,Lillian Chester,1887,1961,United States,,"American writer and filmmaker. Born in Cincinnati. Died in St. Petersburg. Occupations: playwright, writer, film director, film editor, screenwriter",Q21664283,2025-06-19T17:55:47.602155,2025-06-20T17:53:48.800385,
194,Lillian Day,1893,1991,,,American novelist and playwright. Born in New York City. Died in New York City. Occupations: writer,Q110215708,2025-06-23T00:49:56.759267,2025-06-23T01:12:22.822749,
258,Lillian Hellman,1905,1984,United States,,"American dramatist and screenwriter (1905-1984). Born in New Orleans. Died in Dukes County. Occupations: writer, screenwriter, autobiographer, actor, playwright, librettist",Q233701,2025-07-05T22:18:25.74318,2025-07-05T22:23:08.655219,
427,Lillian Roth,,,,,,,2025-07-11T14:45:25.562884,2025-07-11T14:45:25.562884,
148,Lois Bull,,,,,,,2025-06-18T03:29:17.897053,2025-06-18T03:29:17.897053,"aka Lois Buel, aka Lois Milburn Bull"
206,Lois Christine Eby,1908,,,,1908-. Occupations: writer,Q120432115,2025-06-24T13:48:25.835294,2025-06-24T14:30:46.215075,
233,Lotta Gannet,,,,,,,2025-07-04T00:53:10.886851,2025-07-04T00:53:10.886851,
28,Louisa May Alcott,1832,1888,United States,abolitionism,"American novelist (1832–1888). Born in Germantown. Died in Boston. Occupations: writer, children's writer, nurse, suffragist, domestic worker, poet, teacher, novelist. Notable works: An Old-Fashioned Girl, Jo's Boys, Little Women, The Brownie and the Princess, Eight Cousins; or, The Aunt-Hill",Q185696,2025-06-17T03:44:44.513472,2025-06-20T17:52:25.100922,
458,Louise A. Stinetorf,1900,1992,United States,,American writer (1900-1992). Born in Randolph County. Died in Richmond. Occupations: writer,Q87114941,2025-07-16T02:22:05.085796,2025-07-16T02:26:26.469858,
102,Louise Baker,,,,,,,2025-06-17T03:44:44.513472,2025-06-17T03:44:44.513472,
224,Louise Forsslund,1873,1910,United States,,American writer. Born in Sayville. Died in Brentwood. Occupations: writer,Q16043489,2025-07-02T23:42:40.28474,2025-07-03T00:46:32.279845,pseud of Mary Louise Foster
333,Louise Kennedy Mabie,,,,,,,2025-07-08T22:18:42.615814,2025-07-08T22:18:42.615814,
398,Louise Pierson,,,,,,,2025-07-09T17:57:33.053183,2025-07-09T17:57:33.053183,
412,Louise Rice,,,,,,-,2025-07-11T14:45:25.562884,2025-07-16T02:45:51.745418,
164,Lucia Chamberlain,1882,1978,United States,,US novelist (1882-1978). Born in San Francisco. Died in Santa Cruz. Occupations: novelist,Q21546570,2025-06-19T17:55:47.602155,2025-06-20T17:53:45.285122,
179,Lucy Herndon Crockett,1914,2002,,,American novelist. Occupations: novelist,Q40142472,2025-06-19T17:55:47.602155,2025-06-20T17:54:00.928305,
406,Lulah Ragsdale,1862,1953,,,"American poet, novelist, actor (1861-1953). Born in Lawrence County. Died in Philadelphia. Occupations: poet, novelist, actor",Q27917035,2025-07-11T13:55:30.136966,2025-07-16T02:25:30.587199,
441,Madeleine Sharps Buchanan,1886,1940,United States,,American novelist. Born in Wayne County. Died in Pennsylvania. Occupations: crime fiction writer,Q19606885,2025-07-16T02:22:05.085796,2025-07-16T02:26:06.653485,"aka Madelaine Sharps Buchanan, Madeleine Twining Sharps"
455,Madelon St. Dennis,,,,,,,2025-07-16T02:22:05.085796,2025-07-16T02:22:05.085796,
261,Maibelle Heikes Justice,1871,1926,United States,,"American screenwriter (1871-1926). Born in Logansport. Occupations: writer, screenwriter",Q21197444,2025-07-05T22:18:25.74318,2025-07-05T22:23:12.212997,
431,Marah Ellis Ryan,1860,1934,United States,,"American writer, actress (1860-1934). Born in Butler County. Occupations: novelist, actor, writer",Q6754646,2025-07-11T14:45:25.562884,2025-07-16T02:25:56.396642,aka Ellis Martin
188,Marcia Davenport,1903,1996,United States,,"American author and music critic. Born in New York City. Died in Monterey. Occupations: journalist, music critic, biographer, novelist, opinion journalist, writer, musicologist",Q2908658,2025-06-23T00:49:56.759267,2025-06-23T01:12:15.171082,
62,Margaret Ayer Barnes,1886,1967,United States,,"American playwright, novelist, short story writer (1886–1967). Born in Chicago. Died in Cambridge. Occupations: short story writer, screenwriter, writer, playwright, novelist",Q768296,2025-06-17T03:44:44.513472,2025-06-17T16:37:52.620402,
158,Margaret Carpenter,,,,,,-,2025-06-19T17:55:47.602155,2025-06-23T03:51:22.523831,
103,Margaret Cousins,1905,1996,United States,,American writer and editor. Born in Munday. Died in San Antonio. Occupations: writer,Q63068786,2025-06-17T03:44:44.513472,2025-06-17T16:38:42.787076,
70,Margaret Culkin Banning,1891,1982,United States,,"novelist. Born in Buffalo. Died in Tryon. Occupations: politician, novelist, short story writer, writer",Q6759314,2025-06-17T03:44:44.513472,2025-06-17T16:38:03.191455,
9,Margaret Deland,1857,1945,United States,,"American writer and poet (1857–1945). Born in Allegheny. Died in Boston. Occupations: short story writer, university teacher, writer, autobiographer, novelist, poet. Notable works: Sidney, The Rising Tide, The Iron Woman, Philip and His Wife, The Awakening of Helena Richie",Q1894814,2025-06-17T03:44:44.513472,2025-06-17T16:36:41.326397,
207,Margaret Echard,1895,1982,,,"American novelist, playwright, scriptwriter for radio and film. Born in Brazil. Occupations: writer, actor",Q110459766,2025-06-24T13:48:25.835294,2025-06-24T14:30:47.723445,
433,Margaret Elizabeth Sangster,1894,1981,United States,,"American writer and editor (1894-1981). Born in Brooklyn. Died in Valatie. Occupations: magazine editor, columnist, novelist, short story writer, screenwriter, journalist, poet",Q63644108,2025-07-16T02:22:05.085796,2025-07-16T02:25:59.590905,
306,Margaret Landon,1903,1993,United States,,"American writer, missionary (1903–1993). Born in Somers. Died in Alexandria. Occupations: writer, missionary, novelist",Q465216,2025-07-07T19:54:06.660067,2025-07-07T19:55:11.344985,
343,Margaret Mannes,,,,,,,2025-07-08T22:18:42.615814,2025-07-08T22:18:42.615814,
354,Margaret Mayo,1882,1951,United Kingdom,,,Q2080961,2025-07-08T22:18:42.615814,2025-07-09T18:29:41.861185,pseud of Lillian Elizabeth Slatten
72,Margaret Mitchell,1900,1949,United States,,,Q173540,2025-06-17T03:44:44.513472,2025-06-20T14:52:34.472778,
364,Margaret Prescott Montague,1878,1955,United States,,American writer. Born in White Sulphur Springs. Died in Richmond. Occupations: novelist,Q12795675,2025-07-08T22:18:42.615814,2025-07-08T22:57:26.559534,
446,Margaret Sidney,1844,1924,United States,,"American children's writer (pseudonym). Born in New Haven. Occupations: children's writer, writer, publisher. Notable works: Five Little Peppers",Q6759892,2025-07-16T02:22:05.085796,2025-07-16T02:26:11.746193,pseud of Harriett Lothrop
44,Margaretta Tuttle,1875,1958,,,American writer. Occupations: writer,Q47035835,2025-06-17T03:44:44.513472,2025-06-17T16:37:28.728014,
17,Margaret Widdemer,1884,1978,United States,,"American poet and novelist (1884–1978). Born in United States. Occupations: children's writer, poet, novelist, writer",Q6760023,2025-06-17T03:44:44.513472,2025-06-17T16:36:53.621569,
352,Margery Land May,1897,1932,United States,,American writer. Born in New Orleans. Died in Shreveport. Occupations: writer,Q109647723,2025-07-08T22:18:42.615814,2025-07-08T22:57:09.933341,
145,Marguerite Bryant,1870,1965,United Kingdom of Great Britain and Ireland,,British novelist. Occupations: novelist,Q64685558,2025-06-18T03:05:23.6088,2025-06-20T17:53:16.500141,
260,Marguerite Henry,1902,1997,United States,,"American writer. Born in Milwaukee. Died in San Diego. Occupations: writer, novelist, children's writer. Notable works: Brighty of the Grand Canyon, Misty of Chincoteague, King of the Wind",Q6760787,2025-07-05T22:18:25.74318,2025-07-05T22:23:10.463908,
171,Marian Cockrell,,,,,,,2025-06-19T17:55:47.602155,2025-06-19T17:55:47.602155,
181,Maria Susanna Cummings,,,,,,,2025-06-19T17:55:47.602155,2025-06-19T17:55:47.602155,
189,Maria Thompson Daviess,1872,1924,United States,,,-,2025-06-23T00:49:56.759267,2025-07-07T21:23:28.124888,
378,Marie Conway Oemler,1879,1932,,,American author (1879-1932). Born in Savannah. Occupations: writer,Q96007487,2025-07-09T14:45:05.973542,2025-07-09T14:48:40.22961,
23,Marion Polk Angelotti,,,,,,,2025-06-17T03:44:44.513472,2025-06-17T03:44:44.513472,
388,Marjorie Bartholomew Paradis,,,,,,,2025-07-09T17:57:33.053183,2025-07-09T17:57:33.053183,
29,Marjorie Benton Cooke,1876,1920,United States,,"American monologist, playwright, novelist (1876-1920). Occupations: suffragist, writer",Q18911708,2025-06-17T03:44:44.513472,2025-06-17T16:37:07.703851,
156,Marjorie Carleton,,,,,,,2025-06-19T17:55:47.602155,2025-06-19T17:55:47.602155,
84,Marjorie Kinnan Rawlings,1896,1953,United States,,"American novelist (1896–1953). Born in Washington, D.C.. Died in St. Augustine. Occupations: children's writer, screenwriter, university teacher, writer, novelist. Notable works: The Yearling",Q465237,2025-06-17T03:44:44.513472,2025-06-17T16:38:18.210039,
257,Marrijane Hayes,,,,,,,2025-07-05T22:18:25.74318,2025-07-05T22:18:25.74318,
108,Martha Albrand,1914,1981,United States,,"German-American novelist. Born in Rostock. Died in New York City. Occupations: writer, novelist, journalist",Q1903016,2025-06-18T01:44:22.921838,2025-06-20T17:52:35.616693,pseud of Heidi Huberta Freybe Loewengard
167,Martha Cheavans,,,,,,,2025-06-19T17:55:47.602155,2025-06-19T17:55:47.602155,
383,Martha Ostenso,1900,1963,"Norway, United States",,"Norwegian-Canadian novelist and screenwriter (1900-1963). Born in Haus Municipality. Died in Seattle. Occupations: journalist, short story writer, novelist, social worker, poet. Notable works: Wild Geese",Q6774512,2025-07-09T14:45:05.973542,2025-07-09T14:48:47.166713,
361,Mary Ashe Miller,1874,1953,,,writer. Died in Las Vegas. Occupations: writer,Q127947146,2025-07-08T22:18:42.615814,2025-07-08T22:57:21.938381,
91,Mary Bard,1904,1970,United States,,"American writer. Born in Montana. Occupations: children's writer, writer",Q12035944,2025-06-17T03:44:44.513472,2025-06-17T16:38:27.653371,
404,Mary Brecht Pulver ,,,,,,,2025-07-09T17:57:33.053183,2025-07-09T17:57:33.053183,
355,Mary C. McCall Jr.,1904,1986,United States,,"American screenwriter (1904–1986). Born in New York City. Died in Los Angeles. Occupations: magazine writer, screenwriter",Q956838,2025-07-08T22:18:42.615814,2025-07-08T22:57:13.679804,
100,Mary Elizabeth Vroman,1924,1967,United States,,"1924-1967 American writer and schoolteacher. Born in Buffalo. Died in New York City. Occupations: teacher, writer",Q20737799,2025-06-17T03:44:44.513472,2025-06-17T16:38:39.63225,
191,Mary Evelyn Moore Davis,1844,1909,United States,,"novelist, poet. Born in Talladega. Died in New Orleans. Occupations: poet, writer, short story writer, novelist",Q24405792,2025-06-23T00:49:56.759267,2025-06-23T01:12:18.339975,
129,Mary Hastings Bradley,1882,1976,United States,,"American writer. Born in Chicago. Died in Chicago. Occupations: war correspondent, novelist, journalist",Q6779734,2025-06-18T02:44:49.074683,2025-06-20T17:52:56.016183,
51,Mary Heaton Vorse,1874,1966,United States,,"American journalist. Born in New York City. Occupations: novelist, journalist, writer",Q6779749,2025-06-17T03:44:44.513472,2025-06-17T16:37:38.816222,
377,Mary H. O'Connor,1872,1959,United States,,"American screenwriter (1872-1959). Born in Saint Paul. Died in Los Angeles. Occupations: film editor, writer, screenwriter",Q18419189,2025-07-09T14:45:05.973542,2025-07-09T14:48:38.720562,
159,Mary Jane Carr,1895,1988,United States,,"American writer (1895–1988). Born in Portland. Died in Portland. Occupations: writer, poet, children's writer, journalist",Q1906289,2025-06-19T17:55:47.602155,2025-06-20T17:53:36.681997,
268,Mary Jane Holmes,1828,1907,United States,,"novelist. Born in Brookfield. Died in Brockport. Occupations: writer, novelist",Q6779878,2025-07-05T22:18:25.74318,2025-07-05T22:23:21.268283,
285,Mary Johnston,,,,,,-,2025-07-06T14:38:37.419857,2025-07-06T16:31:27.056375,
340,Mary Lanier Magruder,,,,,,,2025-07-08T22:18:42.615814,2025-07-08T22:18:42.615814,
320,Mary Lerner,1882,1938,,,American short story writer (1882-1938). Occupations: writer,Q19564340,2025-07-07T19:54:06.660067,2025-07-07T19:55:29.372922,
337,Mary MacLane,1881,1929,United States,,"American writer (1881-1929). Born in Winnipeg. Died in Chicago. Occupations: writer, film actor, historian, memoirist",Q6780211,2025-07-08T22:18:42.615814,2025-07-08T22:56:51.585295,
357,Mary Mears,1870,1943,United States,,"American author (1870-1943). Born in Oshkosh. Occupations: author, screenwriter",Q117086981,2025-07-08T22:18:42.615814,2025-07-08T22:57:15.461038,
379,Mary O'Hara,1885,1980,United States,,"American author and screenwriter (1885–1980). Born in Cape May Point. Died in Chevy Chase. Occupations: composer, writer, novelist, screenwriter. Notable works: My Friend Flicka",Q273077,2025-07-09T14:45:05.973542,2025-07-09T14:48:41.874285,aka Mary O'Hara Alsop Sture-Vasa
381,Mary Orr,1867,1949,"United Kingdom, United Kingdom of Great Britain and Ireland",,"British astronomer, Dante scholar and plant collector. Born in Plymouth Hoe. Died in Ewhurst. Occupations: astronomer, writer, scholar",Q6778776,2025-07-09T14:45:05.973542,2025-07-09T14:48:43.70256,
14,Mary Raymond Shipman Andrews,1860,1936,United States,,"American writer. Occupations: novelist, writer",Q6780584,2025-06-17T03:44:44.513472,2025-06-17T16:36:48.990996,
6,Mary Roberts Rinehart,1876,1958,United States,,"American mystery writer (1876–1958). Born in Pittsburgh. Died in New York City. Occupations: journalist, screenwriter, travel writer, humorist, writer, crime fiction writer, essayist, novelist, nurse, poet",Q460366,2025-06-17T03:44:44.513472,2025-06-17T16:36:37.696645,
19,Mary S. Watts,,,,,,,2025-06-17T03:44:44.513472,2025-06-17T03:44:44.513472,
15,Mary Wilkins Freeman,1852,1930,United States,,"American novelist, short story writer, poet, children's author (1852-1930). Born in Randolph. Died in Metuchen. Occupations: children's writer, poet, novelist, writer. Notable works: Collected Ghost Stories, A New England Nun, Pembroke, The Pot of Gold and Other Stories, Young Lucretia and Other Stories",Q276421,2025-06-17T03:44:44.513472,2025-06-17T16:36:50.582261,
217,Mateel Howe Farnham,1883,1957,,,American novelist. Born in Atchison. Died in Norwalk. Occupations: writer,Q110270441,2025-07-02T23:42:40.28474,2025-07-03T00:46:23.167091,
395,Maude Pettus,,,,,,,2025-07-09T17:57:33.053183,2025-07-09T17:57:33.053183,
228,May Peel Futrelle,,,,,,,2025-07-02T23:42:40.28474,2025-07-02T23:42:40.28474,aka Lily May Peel Futrelle
219,Medora Field,1892,1960,,,"author, journalist, and editor (1892-1960). Born in Lindale. Died in Atlanta. Occupations: journalist, editor, author",Q93768640,2025-07-02T23:42:40.28474,2025-07-03T00:46:26.19855,aka Medora Field Perkerson
205,Mignon G. Eberhart,1899,1996,United States,,"novelist (1899–1996). Born in Lincoln. Died in Greenwich. Occupations: novelist, writer. Notable works: The Patient in Room 18",Q452249,2025-06-24T13:48:25.835294,2025-06-24T14:30:44.696535,
48,Mildred Cram,1889,1985,United States,,"American writer (1889-1985). Born in Washington, D.C.. Died in Santa Barbara. Occupations: screenwriter, writer",Q4260292,2025-06-17T03:44:44.513472,2025-06-17T16:37:34.492846,
238,Mildred Gilman,,,,,,,2025-07-04T00:53:10.886851,2025-07-04T00:53:10.886851,
241,Mildred Nixon Gordon,1905,1979,United States,,"writer (1912-1979). Born in Kansas. Died in Tucson. Occupations: novelist, magazine editor, writer",Q28658703,2025-07-04T00:53:10.886851,2025-07-04T03:29:20.70611,
360,Miriam Michelson,1870,1942,United States,,"American writer. Born in Calaveras County. Occupations: writer, journalist, suffragist, novelist",Q15996310,2025-07-08T22:18:42.615814,2025-07-08T22:57:20.344178,
411,Molly Ricardel,,,,,,,2025-07-11T14:45:25.562884,2025-07-11T14:45:25.562884,
334,Mrs. Barry MacDonald,,,,,,,2025-07-08T22:18:42.615814,2025-07-08T22:18:42.615814,
137,Mrs. Owen Bronson,,,,,,,2025-06-18T02:54:32.433797,2025-06-18T02:54:32.433797,
298,Myra Kelly,1875,1910,United States,,"American writer (1875–1910). Born in Dublin. Occupations: writer, novelist",Q17626906,2025-07-07T17:04:42.08949,2025-07-07T19:55:02.931894,
408,Myrtle Reed,1874,1911,United States,,"American novelist and poet (1874-1911). Born in Chicago. Died in Chicago. Occupations: author, novelist, journalist, writer. Notable works: Lavender and Old Lace",Q536012,2025-07-11T14:45:25.562884,2025-07-16T02:25:32.390001,
21,Nalbro Isadorah Bartley,1888,1952,United States,,"American writer (1888-1952). Born in Buffalo. Died in San Francisco. Occupations: screenwriter, novelist",Q30598690,2025-06-17T03:44:44.513472,2025-06-17T16:36:59.452898,
225,Nancy Freedman,1920,2010,United States,,"American writer (1920-2010). Born in Evanston. Died in Greenbrae. Occupations: stage actor, novelist, actor, writer",Q6962691,2025-07-02T23:42:40.28474,2025-07-03T00:46:33.693405,aka Nancy Mars Freedman
344,Natalie Marcin,1880,1999,United States,,"American writer and editor. Occupations: journalist, screenwriter",Q15453287,2025-07-08T22:18:42.615814,2025-07-16T02:37:20.045548,
324,Natalie Sumner Lincoln,1881,1935,United States,,"American crime writer (1881-1935). Born in Washington, D.C.. Died in Washington, D.C.. Occupations: writer, crime fiction writer, novelist",Q16028173,2025-07-07T19:54:06.660067,2025-07-07T19:55:33.830186,
119,Nell Blackwell,,,,,,,2025-06-18T02:26:47.133063,2025-06-18T02:26:47.133063,
350,Nell Martin,1887,1961,United States,,"American writer. Born in Illinois. Occupations: writer, novelist",Q6990027,2025-07-08T22:18:42.615814,2025-07-08T22:57:06.975189,"aka Nell Columbia Boyer Martin, who also published under the name Columbia Boyer"
405,Nina Wilcox Putnam,1888,1962,United States,,"American novelist, screenwriter and playwright (1888-1962). Born in New Haven. Died in Cuernavaca. Occupations: humorist, playwright, writer, novelist, children's writer, screenwriter",Q7038163,2025-07-09T17:57:33.053183,2025-07-09T18:25:15.735643,
192,Norah Davis,1873,,United States,,American novelist. Born in Huntsville. Occupations: novelist,Q109694718,2025-06-23T00:49:56.759267,2025-06-23T01:12:19.801615,
362,Norma Mitchell,1884,1967,United States,,"American actress and writer. Born in Eastham. Died in Greenwich. Occupations: writer, playwright, actor",Q108515912,2025-07-08T22:18:42.615814,2025-07-08T22:57:23.455842,
367,Olga Moore,,,,,,,2025-07-08T22:18:42.615814,2025-07-08T22:18:42.615814,
209,Olive Edens,,,,,,,2025-06-24T13:48:25.835294,2025-06-24T13:48:25.835294,
45,Olive Higgins Prouty,1882,1974,United States,,"American writer (1882–1974). Born in Worcester. Died in Brookline. Occupations: poet, writer",Q1530966,2025-06-17T03:44:44.513472,2025-06-17T16:37:30.185201,
283,Osa Johnson,1894,1953,United States,,"American author and adventurer (1894-1953). Born in Kansas. Died in Hernani. Occupations: singer, documentarian, naturalist, photographer, film director, writer",Q2032483,2025-07-06T14:38:37.419857,2025-07-06T14:48:37.263725,
323,Ottilie A. Liljencrantz,1876,1910,United States,,American author. Occupations: writer,Q19839445,2025-07-07T19:54:06.660067,2025-07-07T19:55:32.394793,
264,Patricia Highsmith,1921,1995,United States,modernist literature,"American novelist and short story writer (1921–1995). Born in Fort Worth. Died in Locarno. Occupations: writer, novelist, screenwriter, comics writer. Notable works: Deep Water, Little Tales of Misogyny, The Tremor of Forgery, Small g: a Summer Idyll, The Price of Salt",Q270635,2025-07-05T22:18:25.74318,2025-07-05T22:23:15.415126,
336,Patricia McGerr,1917,1985,United States,,"American writer (1917–1985). Born in Falls City. Died in Bethesda. Occupations: writer, novelist",Q2856055,2025-07-08T22:18:42.615814,2025-07-08T22:56:49.914084,
410,Patricia Reilly,,,,,,-,2025-07-11T14:45:25.562884,2025-07-16T02:44:26.763369,
222,Pauline Forney,,,,,,,2025-07-02T23:42:40.28474,2025-07-02T23:42:40.28474,
232,Pauline Gallico,,,,,,,2025-07-04T00:53:10.886851,2025-07-04T00:53:10.886851,
31,Pearl Doles Bell,1883,1968,United States,,"American writer (1883-1968). Born in St. Joseph. Occupations: screenwriter, novelist",Q62901711,2025-06-17T03:44:44.513472,2025-06-17T16:37:09.223955,
183,Pearl Lenore Curran,,,,,,,2025-06-19T17:55:47.602155,2025-06-19T17:55:47.602155,
146,Pearl S. Buck,1892,1973,United States,,"American writer (1892–1973). Born in Hillsboro. Died in Danby. Occupations: autobiographer, prose writer, writer, journalist, translator, missionary, children's writer, human rights activist, novelist, screenwriter. Notable works: China Sky, Fighting Angel, Sons, Imperial Woman, The Good Earth",Q80900,2025-06-18T03:05:54.62011,2025-06-20T17:53:19.258586,
230,Peggy Gaddis,1895,1966,United States,,"American author. Occupations: novelist, writer",Q10347927,2025-07-04T00:53:10.886851,2025-07-04T03:29:13.769607,pseud of Peggy Dern
87,Peggy Goodin,1923,1983,United States,,American novelist (1923-1983). Born in Kansas City. Occupations: writer,Q61829261,2025-06-17T03:44:44.513472,2025-06-17T16:38:21.802517,
303,Penelope Knapp,,,,,,-,2025-07-07T17:04:42.08949,2025-07-09T18:36:01.572338,
390,Phyllis Parker,,,,,,,2025-07-09T17:57:33.053183,2025-07-09T17:57:33.053183,
220,Rachel Field,,,,,,-,2025-07-02T23:42:40.28474,2025-07-03T20:00:10.787147,
161,Rachel L. Carson,1907,1964,United States,,"American marine biologist and conservationist (1907-1964). Born in Rachel Carson Homestead. Died in Silver Spring. Occupations: conservationist, writer, non-fiction writer, environmentalist, marine biologist, essayist, whistleblower, zoologist, author. Notable works: The Edge of the Sea, Silent Spring, The Sea Around Us",Q100948,2025-06-19T17:55:47.602155,2025-06-20T17:53:39.773438,
457,Ramona Stewart,1922,2006,United States,,"American novelist. Born in San Francisco. Died in Key West. Occupations: novelist, writer",Q68878627,2025-07-16T02:22:05.085796,2025-07-16T02:26:25.06039,
204,Rebecca Lane Hooper Eastman,1877,1937,United States,,"American writer and journalist. Born in Walpole. Died in Brooklyn. Occupations: novelist, journalist",Q19665055,2025-06-24T13:48:25.835294,2025-06-24T14:30:43.211583,
75,Rebecca Yancey Williams,,,,,,,2025-06-17T03:44:44.513472,2025-06-17T03:44:44.513472,
305,Reita Lambert,,,,,,,2025-07-07T19:54:06.660067,2025-07-07T19:54:06.660067,
380,Rita Olcott,,,,,,,2025-07-09T14:45:05.973542,2025-07-09T14:45:05.973542,
439,Rosalind Keating Shaffer,,,,,,,2025-07-16T02:22:05.085796,2025-07-16T02:22:05.085796,
430,Rosalind Russell,,,,,"actor, producer, writer. Occupations: producer, actor, writer, film director",Q117084983,2025-07-11T14:45:25.562884,2025-07-16T02:25:54.552054,
348,Rosamond Marshall,1902,1957,United States,,"American writer. Occupations: novelist, screenwriter",Q7367297,2025-07-08T22:18:42.615814,2025-07-08T22:57:03.87716,
80,Rose Franken,1896,1988,United States,,"American writer (1895–1988). Born in Gainesville. Died in Tucson. Occupations: short story writer, screenwriter, writer, playwright, novelist",Q1242613,2025-06-17T03:44:44.513472,2025-06-17T16:38:12.982493,
212,Ruth Belmore Endicott,,,,,,,2025-06-24T13:48:25.835294,2025-06-24T13:48:25.835294,"almost certainly a pseud, as many Stratemeyer Syndicate author names were"
363,Ruth Comfort Mitchell,1882,1954,United States,,"American writer. Born in San Francisco. Died in Los Gatos. Occupations: writer, poet, novelist",Q7382928,2025-07-08T22:18:42.615814,2025-07-08T22:57:25.129119,aka Ruth Comfort Mitchell Young and Mrs. Sanborn Young
180,Ruth Cross,1887,1981,United States,,American writer (1887-1981). Occupations: writer,Q120815043,2025-06-19T17:55:47.602155,2025-06-20T17:54:02.992575,
185,Ruth D'Agostino,,,,,,,2025-06-23T00:49:56.759267,2025-06-23T00:49:56.759267,
124,Ruth Holt Boucicault,,,,,,,2025-06-18T02:35:43.599209,2025-06-18T02:35:43.599209,
368,Ruth Moore,1903,1989,United States,,"American fiction writer (1903-1989). Born in Tremont. Died in Bar Harbor. Occupations: writer, poet, novelist",Q7383136,2025-07-08T22:18:42.615814,2025-07-08T22:57:30.932676,
18,Ruth Sawyer,1880,1970,United States,,"American children's writer and storyteller. Born in Boston. Died in Lexington. Occupations: children's writer, writer. Notable works: Roller Skates",Q4977173,2025-06-17T03:44:44.513472,2025-06-17T16:36:55.626703,
239,Ruth Seinfel Goode,1905,1997,,,American writer. Occupations: writer,Q108557797,2025-07-04T00:53:10.886851,2025-07-04T03:29:19.025092,
451,Ruth Southard,,,,,,,2025-07-16T02:22:05.085796,2025-07-16T02:22:05.085796,
115,Sally Benson,,,,,,-,2025-06-18T02:18:25.874594,2025-06-23T03:51:08.070923,pseud of Sara Benson
60,Sara Addington,1891,1940,,,"journalist and children's writer. Born in Cincinnati. Died in New York City. Occupations: children's writer, journalist",Q22958129,2025-06-17T03:44:44.513472,2025-06-17T16:37:50.955292,
421,Sarah Elizabeth Rodger,1912,,United States,,"American writer. Born in United States. Occupations: poet, novelist, writer",Q10368407,2025-07-11T14:45:25.562884,2025-07-16T02:25:46.773215,
245,Sarah Pratt McLean Greene,1856,1935,United States,,"American writer. Born in Simsbury. Occupations: novelist, writer",Q23815297,2025-07-04T00:53:10.886851,2025-07-04T03:29:26.79137,aka Sarah P. McLean
111,Sara Ware Bassett,1872,1968,United States,,"American author. Died in Newton Centre. Occupations: teacher, novelist",Q7421805,2025-06-18T02:05:27.940531,2025-06-20T17:52:39.047314,
227,Sarita Fuller,,,,,,,2025-07-02T23:42:40.28474,2025-07-02T23:42:40.28474,pseud of Beulah Marie Dix
242,Sheilah Graham,1904,1988,United States,,American gossip columnist (1904–1988). Born in Leeds. Died in Palm Beach. Occupations: columnist,Q7493182,2025-07-04T00:53:10.886851,2025-07-04T03:29:22.368159,
276,Shirley Jackson,1916,1965,United States,,"American writer (1916-1965). Born in San Francisco. Died in North Bennington. Occupations: non-fiction writer, children's writer, journalist, novelist, writer",Q239910,2025-07-06T14:38:37.419857,2025-07-06T14:48:27.911782,
218,Sidney McCall,1865,1954,United States,,"American novelist and poet (1865–1954). Born in Wilcox County. Died in Montrose. Occupations: writer. Notable works: The Dragon Painter, The Breath of the Gods",Q6003187,2025-07-02T23:42:40.28474,2025-07-03T00:46:24.679383,pseud of Mary McNeil Fenollosa
414,Silvia Richards,1916,1999,United States,,American screenwriter. Born in Indianola. Occupations: screenwriter,Q7517036,2025-07-11T14:45:25.562884,2025-07-16T02:25:39.020248,
38,Sophie Kerr,1880,1965,United States,,"American writer (1880–1965). Occupations: poet, novelist, writer",Q7563023,2025-06-17T03:44:44.513472,2025-06-17T16:37:19.550342,
262,Stella Wynne Herron,1885,1966,United States,,American writer and suffragette. Occupations: writer,Q65801552,2025-07-05T22:18:25.74318,2025-07-05T22:23:13.649614,
338,Sue MacVeigh,,,,,,,2025-07-08T22:18:42.615814,2025-07-08T22:18:42.615814,pseud of Elizabeth Custer Nearing
58,Susan Glaspell,1876,1948,United States,,"American writer (1876-1948). Born in Davenport. Died in Provincetown. Occupations: journalist, actor, biographer, writer, playwright, women's rights activist, novelist. Notable works: Alison's House",Q468667,2025-06-17T03:44:44.513472,2025-06-17T16:37:47.914093,
452,Susan Marr Spalding,1841,1908,United States,,American poet. Born in Bath. Died in Medford. Occupations: writer,Q55779555,2025-07-16T02:22:05.085796,2025-07-16T02:26:18.727326,
322,Sylvia Lieferant,,,,,,,2025-07-07T19:54:06.660067,2025-07-07T19:54:06.660067,
95,Sylvia Tate,,,,,,,2025-06-17T03:44:44.513472,2025-06-17T03:44:44.513472,
120,Tats Blain,,,,,,,2025-06-18T02:28:07.622332,2025-06-18T02:28:07.622332,pseud of Mary D. Blain
47,Temple Bailey,1880,1953,United States,,"American writer. Born in Petersburg. Occupations: screenwriter, novelist, writer",Q7698436,2025-06-17T03:44:44.513472,2025-06-18T01:58:43.848423,pseud of Irene Temple
449,Tess Slesinger,1905,1945,United States,,"American screenwriter (1905-1945). Born in New York City. Died in Los Angeles. Occupations: author, literary critic, writer, screenwriter, journalist",Q7705575,2025-07-16T02:22:05.085796,2025-07-16T02:26:15.436392,
454,Thelma Strabel,1900,1959,,,writer (1900-1959). Occupations: writer,Q7781092,2025-07-16T02:22:05.085796,2025-07-16T02:26:21.878225,
254,Theodosia Harris,1877,1938,United States,,"American writer (1877-1938). Born in Virginia City. Died in San Antonio. Occupations: writer, screenwriter",Q16615582,2025-07-05T22:18:25.74318,2025-07-05T22:23:04.011867,
202,Theo Durrant,,,,,,,2025-06-23T00:49:56.759267,2025-06-23T00:49:56.759267,"group pseud of 12 authors, including Eunice Mays Boyd, Florence Ostern Faulkner, Dana Lyon, Lenore Glen Offord, and Virginia Rath"
66,Thyra Samter Winslow,1885,1961,United States,,"American writer and screenwriter. Born in Fort Smith. Died in Los Angeles. Occupations: journalist, actor, short story writer, screenwriter, writer, non-fiction writer, dancer",Q51883022,2025-06-17T03:44:44.513472,2025-06-17T16:37:58.571288,
56,Ursula Parrott,1900,1957,United States,,"American writer (1900-1957). Born in Dorchester. Died in New York City. Occupations: screenwriter, novelist. Notable works: Ex-Wife",Q7901271,2025-06-17T03:44:44.513472,2025-06-17T16:37:44.865788,
142,Vera Brown,,,,,,,2025-06-18T03:01:30.931046,2025-06-18T03:01:30.931046,
59,Vera Caspary,1899,1987,United States,,"American writer (1899–1987). Born in Chicago. Died in New York City. Occupations: playwright, screenwriter, novelist, writer. Notable works: Laura, Bedelia",Q1645179,2025-06-17T03:44:44.513472,2025-06-17T16:37:49.447433,
113,Vicki Baum,1888,1960,"United States, Austria",,"Austrian writer (1888–1960). Born in Vienna. Died in Hollywood. Occupations: writer, journalist, musician, screenwriter, harpist",Q93444,2025-06-18T02:11:09.081251,2025-06-20T17:52:41.207264,
231,Victoria Galland,,,,,,,2025-07-04T00:53:10.886851,2025-07-04T00:53:10.886851,
325,Victoria Lincoln,1904,1981,,,American author. Born in Fall River. Died in Baltimore. Occupations: writer,Q55720721,2025-07-07T19:54:06.660067,2025-07-07T19:55:35.248485,
370,Victoria Morton,,,,,,,2025-07-08T22:18:42.615814,2025-07-08T22:18:42.615814,
273,Vida Hurst,,,,,,,2025-07-05T22:18:25.74318,2025-07-05T22:18:25.74318,
53,Vina Delmar,1903,1990,United States,,"American playwright, screenwriter, and novelist (1903-1990). Born in Brooklyn. Died in Los Angeles. Occupations: playwright, screenwriter, novelist, writer",Q3561703,2025-06-17T03:44:44.513472,2025-06-17T16:37:41.685443,
422,Vingie E. Roe,1879,1958,,,"screenwriter. Occupations: novelist, writer, screenwriter",Q30126148,2025-07-11T14:45:25.562884,2025-07-16T02:25:48.211799,
445,Viola Brothers Shore,1890,1970,United States,,"American author, screenwriter, playwright, poet. Born in New York City. Died in New York City. Occupations: poet, novelist, writer, screenwriter",Q18910691,2025-07-16T02:22:05.085796,2025-07-16T02:26:10.257354,
275,Violet Irwin,,,,,,,2025-07-06T14:38:37.419857,2025-07-06T14:38:37.419857,
138,Virginia Brooks,1886,1929,United States,,"American author (1886-1929). Born in Chicago. Died in Portland. Occupations: suffragette, writer",Q2527760,2025-06-18T02:55:11.897562,2025-06-20T17:53:10.436511,
134,Virginia Hudson Brightman,1886,,United States,,"American writer. Born in Kentucky. Occupations: writer, screenwriter",Q27990555,2025-06-18T02:51:20.77821,2025-06-20T17:53:05.378686,aka Virginia Tyler Hudson
296,Virginia Kellogg,1907,1981,United States,,"writer (1907-1981). Born in Los Angeles. Died in Westwood. Occupations: screenwriter, playwright. Notable works: White Heat, Caged",Q4068889,2025-07-07T17:04:42.08949,2025-07-07T19:54:59.979555,
393,Virginia Perdue,,,,,,,2025-07-09T17:57:33.053183,2025-07-09T17:57:33.053183,
409,Virginia Reid,,,,,,,2025-07-11T14:45:25.562884,2025-07-11T14:45:25.562884,
54,Virginia S. Bartlett,,,,,,,2025-06-17T03:44:44.513472,2025-06-17T03:44:44.513472,
178,Virginia Spencer Cowles,1910,1983,United States,,"Journalist, war correspondent (1910–1983). Born in Brattleboro. Died in France. Occupations: journalist, writer, novelist, historian",Q1479296,2025-06-19T17:55:47.602155,2025-06-20T17:53:59.401148,
177,Vivian Cosby,1901,1963,United States,,"American writer. Occupations: writer, novelist, radio producer",Q126208615,2025-06-19T17:55:47.602155,2025-06-20T17:53:57.979946,
42,Willa Cather,1873,1947,United States,,"American writer (1873–1947). Born in Gore. Died in Manhattan. Occupations: novelist. Notable works: Sapphira and the Slave Girl, Alexander's Bridge, Death Comes for the Archbishop, Lucy Gayheart, My Mortal Enemy",Q229480,2025-06-17T03:44:44.513472,2025-06-17T16:37:25.838991,
152,Zoe Akins,1886,1958,United States,,"Playwright, poet, author. Born in Humansville. Died in Los Angeles. Occupations: playwright, writer, poet, screenwriter",Q227109,2025-06-18T03:50:49.976465,2025-06-20T17:53:25.827386,
34,Zona Gale,1874,1938,United States,,"American author and playwright. Born in Portage. Died in Chicago. Occupations: short story writer, suffragist, writer, playwright, novelist. Notable works: Miss Lulu Bett",Q219829,2025-06-17T03:44:44.513472,2025-06-17T16:37:13.528841,
