id,film_id,media_type,media_format,url,thumbnail_url,download_url,title,caption,description,source,source_id,source_url,license,license_url,attribution,copyright_holder,copyright_year,width,height,file_size,mime_type,quality_score,verified,verified_by,verified_at,display_order,is_featured,is_hidden,created_at,updated_at,metadata
4,1,other,video,https://upload.wikimedia.org/wikipedia/commons/d/de/Ramona_%281910%29.webm,https://upload.wikimedia.org/wikipedia/commons/d/de/Ramona_%281910%29.webm?width=300,,Ramona (1910).webm,American short silent drama film.,,wikimedia,File:Ramona (1910).webm,https://commons.wikimedia.org/wiki/File:Ramona (1910).webm,public_domain,,D. W. Griffith,D. W. Griffith,,480,360,75317673,video/webm,,true,ae,2025-06-21 18:25:55+00,999,false,false,2025-06-21 17:14:12.705275+00,2025-06-21 18:26:01.99208+00,"{""sha1"":""22d8610570b14675f9331e026b9aa3f312d6445c"",""upload_date"":""2015-12-31T17:01:01Z"",""commons_categories"":[""1910 films of the United States"",""American black-and-white films"",""Biograph Company films"",""Black and white videos"",""Mary Pickford in 1910"",""PD US expired"",""Ramona (novel)"",""Silent films videos"",""Video display resolution 480 x 360"",""Videos of 1910 from the United States"",""Videos of films by D. W. Griffith"",""Videos of films from 1910"",""Videos uploaded by Racconish"",""WebM videos""]}"
6,2,still,image,https://upload.wikimedia.org/wikipedia/commons/7/71/Uncle_Tom%27s_Cabin_TC2.jpg,https://upload.wikimedia.org/wikipedia/commons/thumb/7/71/Uncle_Tom%27s_Cabin_TC2.jpg/300px-Uncle_Tom%27s_Cabin_TC2.jpg,,Uncle Tom's Cabin TC2.jpg,Another film still from Uncle Tom's Cabin by the Thanhouser Company.,,wikimedia,File:Uncle Tom's Cabin TC2.jpg,https://commons.wikimedia.org/wiki/File:Uncle_Tom's_Cabin_TC2.jpg,public_domain,,Thanhouser Company (Life time: N/A),Thanhouser Company (Life time: N/A),,1809,1309,542432,image/jpeg,,false,,,999,false,false,2025-06-21 17:21:59.55979+00,2025-06-21 17:21:59.55979+00,"{""sha1"":""6b4d7cdda57de682cebf700020b4ef61c6b60e67"",""upload_date"":""2016-03-17T10:23:28Z"",""commons_categories"":[""PD-US missing SDC copyright status"",""PD US expired"",""Uncle Tom's Cabin (1910 Thanhouser film)""]}"
7,2,still,image,https://upload.wikimedia.org/wikipedia/commons/9/9c/Uncle_Tom%27s_Cabin_TC1.jpg,https://upload.wikimedia.org/wikipedia/commons/thumb/9/9c/Uncle_Tom%27s_Cabin_TC1.jpg/300px-Uncle_Tom%27s_Cabin_TC1.jpg,,Uncle Tom's Cabin TC1.jpg,A film still from Uncle Tom's Cabin by the Thanhouser Company.,,wikimedia,File:Uncle Tom's Cabin TC1.jpg,https://commons.wikimedia.org/wiki/File:Uncle_Tom's_Cabin_TC1.jpg,public_domain,,Thanhouser Company (Life time: N/A),Thanhouser Company (Life time: N/A),,1053,715,194464,image/jpeg,,false,,,999,false,false,2025-06-21 17:21:59.900798+00,2025-06-21 17:21:59.900798+00,"{""sha1"":""59bac31b77047753932e0444401dc66f58ef77d7"",""upload_date"":""2016-03-17T10:22:25Z"",""commons_categories"":[""PD-US missing SDC copyright status"",""PD US expired"",""Uncle Tom's Cabin (1910 Thanhouser film)""]}"
10,3,other,video,https://upload.wikimedia.org/wikipedia/commons/e/e9/Uncle_Toms_Cabin_1910_Vitagraph.webm,https://upload.wikimedia.org/wikipedia/commons/thumb/e/e9/Uncle_Toms_Cabin_1910_Vitagraph.webm/300px-Uncle_Toms_Cabin_1910_Vitagraph.jpg,,Uncle Toms Cabin 1910 Vitagraph.webm,"Clip from Uncle Tom's Cabin (1910 Vitagraph film), featuring Matty Roubert in his debut at two years old",,wikimedia,File:Uncle Toms Cabin 1910 Vitagraph.webm,https://commons.wikimedia.org/wiki/File:Uncle_Toms_Cabin_1910_Vitagraph.webm,public_domain,,Vitagraph Studios,Vitagraph Studios,,1280,720,571842,video/webm,,false,,,999,false,false,2025-06-21 17:22:00.851792+00,2025-06-21 17:25:00.480338+00,"{""sha1"":""a07c5c3fd16976656d5e962ab41a708a36f001c3"",""upload_date"":""2025-05-14T23:13:20Z"",""commons_categories"":[""Matty Roubert"",""PD-US missing SDC copyright status"",""PD US expired""]}"
11,4,poster,image,https://upload.wikimedia.org/wikipedia/commons/a/a1/Lady_of_Quality_poster.jpg,https://upload.wikimedia.org/wikipedia/commons/thumb/a/a1/Lady_of_Quality_poster.jpg/300px-Lady_of_Quality_poster.jpg,,Lady of Quality poster.jpg,Poster for the American drama film A Lady of Quality (1913).,,wikimedia,File:Lady of Quality poster.jpg,https://commons.wikimedia.org/wiki/File:Lady_of_Quality_poster.jpg,public_domain,,Paramount Pictures,Paramount Pictures,,772,1300,508277,image/jpeg,,false,,,999,false,false,2025-06-21 17:30:41.067967+00,2025-06-21 17:30:41.067967+00,"{""sha1"":""272ff9252b207e2db3a154b0b8c6595db9355951"",""upload_date"":""2017-03-26T17:50:02Z"",""commons_categories"":[""1913 film posters of the United States"",""1913 films of the United States"",""A Lady of Quality (1914 film)"",""Cecilia Loftus"",""PD US"",""Paramount Pictures films""]}"
12,5,advertisement,image,https://upload.wikimedia.org/wikipedia/commons/c/cf/Tess_of_the_Storm_Country-lanternslide-1914.jpg,https://upload.wikimedia.org/wikipedia/commons/thumb/c/cf/Tess_of_the_Storm_Country-lanternslide-1914.jpg/300px-Tess_of_the_Storm_Country-lanternslide-1914.jpg,,Tess of the Storm Country-lanternslide-1914.jpg,"Tess of the Storm Country is a 1914 silent drama, based on the 1909 novel of the same name by Grace Miller White. This is a lantern slide for the film.",,wikimedia,File:Tess of the Storm Country-lanternslide-1914.jpg,https://commons.wikimedia.org/wiki/File:Tess_of_the_Storm_Country-lanternslide-1914.jpg,public_domain,,famous players,famous players,,626,600,212256,image/jpeg,,false,,,999,false,false,2025-06-21 18:21:26.114975+00,2025-06-21 18:21:26.114975+00,"{""sha1"":""85d6d7b4e71636077b97598396de66c3f2d4544e"",""upload_date"":""2017-11-26T03:52:24Z"",""commons_categories"":[""Film advertisements on lantern slides"",""Mary Pickford in 1914"",""PD US expired"",""Tess of the Storm Country (1914 film)""]}"
13,6,advertisement,image,https://upload.wikimedia.org/wikipedia/commons/4/45/Mrs._Wiggs_of_the_Cabbage_Patch_%281914_film%29.jpg,https://upload.wikimedia.org/wikipedia/commons/thumb/4/45/Mrs._Wiggs_of_the_Cabbage_Patch_%281914_film%29.jpg/300px-Mrs._Wiggs_of_the_Cabbage_Patch_%281914_film%29.jpg,,Mrs. Wiggs of the Cabbage Patch (1914 film).jpg,Poster for Mrs. Wiggs of the Cabbage Patch (1914 film),,wikimedia,File:Mrs. Wiggs of the Cabbage Patch (1914 film).jpg,https://commons.wikimedia.org/wiki/File:Mrs._Wiggs_of_the_Cabbage_Patch_(1914_film).jpg,public_domain,,Unknown authorUnknown author,Unknown authorUnknown author,,1159,754,362470,image/jpeg,,false,,,999,false,false,2025-06-21 18:33:21.301164+00,2025-06-21 18:34:40.158006+00,"{""sha1"":""6480c28017d58dbb6ff12bf2ad6fa785f1497914"",""upload_date"":""2019-04-04T16:01:19Z"",""commons_categories"":[""1914 film posters of the United States"",""Mrs. Wiggs of the Cabbage Patch (1914 film)"",""PD-US missing SDC copyright status"",""PD US expired"",""Template Unknown (author)""]}"
14,7,poster,image,https://upload.wikimedia.org/wikipedia/commons/b/b2/Uncle_Tom%27s_Cabin_featuring_Irving_Cummings_LCCN2005679771.jpg,https://upload.wikimedia.org/wikipedia/commons/thumb/b/b2/Uncle_Tom%27s_Cabin_featuring_Irving_Cummings_LCCN2005679771.jpg/300px-Uncle_Tom%27s_Cabin_featuring_Irving_Cummings_LCCN2005679771.jpg,,Uncle Tom's Cabin featuring Irving Cummings LCCN2005679771.jpg,Title: Uncle Tom's Cabin featuring Irving Cummings Abstract/medium: 1 print (poster) : chromolithograph ; sheet 104.4 x 66.2 cm.,,wikimedia,File:Uncle Tom's Cabin featuring Irving Cummings LCCN2005679771.jpg,https://commons.wikimedia.org/wiki/File:Uncle_Tom's_Cabin_featuring_Irving_Cummings_LCCN2005679771.jpg,public_domain,,"Miscellaneous Items in High Demand, PPOC, Library of Congress","Miscellaneous Items in High Demand, PPOC, Library of Congress",,8165,12192,26929072,image/jpeg,,false,,,999,false,false,2025-06-21 18:35:44.216459+00,2025-06-21 18:35:44.216459+00,"{""sha1"":""8e421d37384da070abd2a8af829418b74eb6bbed"",""upload_date"":""2018-12-16T00:01:47Z"",""commons_categories"":[""1914 film posters of the United States"",""English-language film posters of the United States"",""Images from the Library of Congress"",""Images uploaded by Fæ"",""Irving Cummings"",""Large images"",""Miscellaneous Items in High Demand, PPOC, Library of Congress"",""PD US expired"",""Uncle Tom's Cabin (1914 film)""]}"
16,8,advertisement,image,https://upload.wikimedia.org/wikipedia/commons/9/9c/The_Circular_Staircase%2C_1915.jpg,https://upload.wikimedia.org/wikipedia/commons/thumb/9/9c/The_Circular_Staircase%2C_1915.jpg/300px-The_Circular_Staircase%2C_1915.jpg,,"The Circular Staircase, 1915.jpg","Advertisement for film version of Mary Roberts Rinehart’s novel The Circular Staircase, 1915",,wikimedia,"File:The Circular Staircase, 1915.jpg","https://commons.wikimedia.org/wiki/File:The_Circular_Staircase,_1915.jpg",public_domain,,Anonymous photographer and designer,Anonymous photographer and designer,,2111,3030,2199092,image/jpeg,,false,,,999,false,false,2025-06-21 18:38:43.928951+00,2025-06-21 18:38:43.928951+00,"{""sha1"":""327be963e21aa90fe5b3c8894685efba23140f28"",""upload_date"":""2015-04-25T03:07:22Z"",""commons_categories"":[""PD-anon-expired"",""The Circular Staircase (film)""]}"
17,8,advertisement,image,https://upload.wikimedia.org/wikipedia/commons/1/1a/Miss_Eugenie_Besserer_in_The_Circular_Staircase%2C_1915.jpg,https://upload.wikimedia.org/wikipedia/commons/thumb/1/1a/Miss_Eugenie_Besserer_in_The_Circular_Staircase%2C_1915.jpg/300px-Miss_Eugenie_Besserer_in_The_Circular_Staircase%2C_1915.jpg,,"Miss Eugenie Besserer in The Circular Staircase, 1915.jpg","Advertisement for the film version of Mary Roberts Rinehart’s novel The Circular Staircase, 1915",,wikimedia,"File:Miss Eugenie Besserer in The Circular Staircase, 1915.jpg","https://commons.wikimedia.org/wiki/File:Miss_Eugenie_Besserer_in_The_Circular_Staircase,_1915.jpg",public_domain,,Anonymous photographer and illustrator,Anonymous photographer and illustrator,,2165,2973,2244775,image/jpeg,,false,,,999,false,false,2025-06-21 18:38:44.276336+00,2025-06-21 18:38:44.276336+00,"{""sha1"":""ca29f32d099b31d7cbd30b48926f2de0c7d44df1"",""upload_date"":""2015-04-25T03:29:51Z"",""commons_categories"":[""PD-anon-expired"",""The Circular Staircase (film)""]}"
18,9,poster,image,https://upload.wikimedia.org/wikipedia/commons/8/8b/The_Pretty_Sister_of_Jose.jpg,https://upload.wikimedia.org/wikipedia/commons/thumb/8/8b/The_Pretty_Sister_of_Jose.jpg/300px-The_Pretty_Sister_of_Jose.jpg,,The Pretty Sister of Jose.jpg,Theatrical poster for the 1915 film The Pretty Sister of Jose.,,wikimedia,File:The Pretty Sister of Jose.jpg,https://commons.wikimedia.org/wiki/File:The_Pretty_Sister_of_Jose.jpg,public_domain,,Famous Players-Lasky Corporation,Famous Players-Lasky Corporation,,795,1209,371982,image/jpeg,,true,ae,2025-06-21 18:45:35+00,999,false,false,2025-06-21 18:43:56.256471+00,2025-06-21 18:45:38.781757+00,"{""sha1"":""34c52405d998f2bb337a9ce1a1e24000982c8943"",""upload_date"":""2016-02-22T01:02:18Z"",""commons_categories"":[""1915 film posters of the United States"",""1915 films of the United States"",""Films by Allan Dwan"",""Marguerite Clark"",""PD US"",""Paramount Pictures films""]}"
19,11,lobby_card,image,https://upload.wikimedia.org/wikipedia/commons/0/0d/Ramona_1916_lobby_card.jpg,https://upload.wikimedia.org/wikipedia/commons/thumb/0/0d/Ramona_1916_lobby_card.jpg/300px-Ramona_1916_lobby_card.jpg,,Ramona 1916 lobby card.jpg,Lobby card for the American drama film Ramona (1916).,,wikimedia,File:Ramona 1916 lobby card.jpg,https://commons.wikimedia.org/wiki/File:Ramona_1916_lobby_card.jpg,public_domain,,Clune Film Producing Company,Clune Film Producing Company,,1212,868,241442,image/jpeg,,false,,,999,false,false,2025-06-21 19:01:43.113617+00,2025-06-21 19:01:43.113617+00,"{""sha1"":""c44ee305f9e38a2f716c1bee06ab2dab842370fe"",""upload_date"":""2017-06-06T17:55:49Z"",""commons_categories"":[""1916 films of the United States"",""Lobby cards of the United States, 1916"",""Nigel De Brulier"",""PD US"",""Ramona (novel)""]}"
21,13,production_photo,image,https://upload.wikimedia.org/wikipedia/commons/c/c5/Lord_Loveland_Discovers_America%2C_1916_-_Maude%2C_Franzen%2C_Clancey.jpg,https://upload.wikimedia.org/wikipedia/commons/thumb/c/c5/Lord_Loveland_Discovers_America%2C_1916_-_Maude%2C_Franzen%2C_Clancey.jpg/300px-Lord_Loveland_Discovers_America%2C_1916_-_Maude%2C_Franzen%2C_Clancey.jpg,,"Lord Loveland Discovers America, 1916 - Maude, Franzen, Clancey.jpg","Arthur Maude, Nell Franzen and George Clancey in the 1916 film Lord Loveland Discovers America",,wikimedia,"File:Lord Loveland Discovers America, 1916 - Maude, Franzen, Clancey.jpg","https://commons.wikimedia.org/wiki/File:Lord_Loveland_Discovers_America,_1916_-_Maude,_Franzen,_Clancey.jpg",public_domain,,Arthur Maude,Arthur Maude,,1919,2457,588185,image/jpeg,,false,,,999,false,false,2025-06-21 19:06:19.059363+00,2025-06-21 19:06:19.059363+00,"{""sha1"":""5ddcc94ef0a4f51cc937ddc545bcb9b85998b55a"",""upload_date"":""2013-07-16T04:50:41Z"",""commons_categories"":[""American Film Company publicity photos"",""Arthur Maude"",""George Clancey"",""Lord Loveland Discovers America"",""Mutual Film publicity photos"",""Nell Franzen"",""PD-US missing SDC copyright status"",""PD US""]}"
22,13,poster,image,https://upload.wikimedia.org/wikipedia/commons/6/68/Arthur_Maude_-_1916_movie_poster.jpg,https://upload.wikimedia.org/wikipedia/commons/thumb/6/68/Arthur_Maude_-_1916_movie_poster.jpg/300px-Arthur_Maude_-_1916_movie_poster.jpg,,Arthur Maude - 1916 movie poster.jpg,1916 movie poster for the film Lord Loveland Discovers America (1916).,,wikimedia,File:Arthur Maude - 1916 movie poster.jpg,https://commons.wikimedia.org/wiki/File:Arthur_Maude_-_1916_movie_poster.jpg,public_domain,,Arthur Maude (1880-1950),Arthur Maude (1880-1950),,377,542,194186,image/jpeg,,false,,,999,false,false,2025-06-21 19:06:19.374172+00,2025-06-21 19:06:19.374172+00,"{""sha1"":""6875bf9560e544ef854fb27e06c02cb033aab9dc"",""upload_date"":""2012-10-24T05:46:01Z"",""commons_categories"":[""1916 film posters of the United States"",""Arthur Maude"",""Lord Loveland Discovers America"",""PD US""]}"
24,14,production_photo,image,https://upload.wikimedia.org/wikipedia/commons/b/ba/The_Shop_Girl.jpg,https://upload.wikimedia.org/wikipedia/commons/thumb/b/ba/The_Shop_Girl.jpg/300px-The_Shop_Girl.jpg,,The Shop Girl.jpg,Illustration of a review in The Moving Picture World for the film The Shop Girl (1916).,,wikimedia,File:The Shop Girl.jpg,https://commons.wikimedia.org/wiki/File:The_Shop_Girl.jpg,public_domain,,Vitagraph Company of America,Vitagraph Company of America,,1116,1057,470885,image/jpeg,,false,,,999,false,false,2025-06-21 19:09:21.002355+00,2025-06-21 19:09:21.002355+00,"{""sha1"":""e21de9f4819c423696750293e590c473b996a256"",""upload_date"":""2013-11-29T18:31:38Z"",""commons_categories"":[""Edith Storey"",""Images with annotations"",""PD-US missing SDC copyright status"",""PD US"",""The Moving Picture World 1916"",""The Shop Girl (film)"",""V-L-S-E publicity photos"",""Vitagraph Studios publicity photos""]}"
25,15,still,image,https://upload.wikimedia.org/wikipedia/commons/a/a9/The_Woman_Who_Dared_still.jpg,https://upload.wikimedia.org/wikipedia/commons/thumb/a/a9/The_Woman_Who_Dared_still.jpg/300px-The_Woman_Who_Dared_still.jpg,,The Woman Who Dared still.jpg,Illustration of an article in The Moving Picture World for the film The Woman Who Dared (1916).,,wikimedia,File:The Woman Who Dared still.jpg,https://commons.wikimedia.org/wiki/File:The_Woman_Who_Dared_still.jpg,public_domain,,California Motion Picture Corporation / Ultra Pictures Corporation,California Motion Picture Corporation / Ultra Pictures Corporation,,1135,924,436752,image/jpeg,,false,,,999,false,false,2025-06-21 19:10:10.954582+00,2025-06-21 19:10:10.954582+00,"{""sha1"":""a12705de2e5f0d8e67ba4b19f4b1631046a73fe1"",""upload_date"":""2013-11-30T16:36:15Z"",""commons_categories"":[""Beatriz Michelena"",""Clarence Arper"",""Film stills of films of the United States"",""PD-US missing SDC copyright status"",""PD US"",""The Moving Picture World 1916"",""The Woman Who Dared (1916 film)""]}"
26,15,production_photo,image,https://upload.wikimedia.org/wikipedia/commons/8/89/Beatriz_Michelina%2C_The_Woman_Who_Dared.jpg,https://upload.wikimedia.org/wikipedia/commons/thumb/8/89/Beatriz_Michelina%2C_The_Woman_Who_Dared.jpg/300px-Beatriz_Michelina%2C_The_Woman_Who_Dared.jpg,,"Beatriz Michelina, The Woman Who Dared.jpg","Beatriz Michelina, dans The Woman Who Dared, photographie parue dans The Dramatic Mirror, 1916",,wikimedia,"File:Beatriz Michelina, The Woman Who Dared.jpg","https://commons.wikimedia.org/wiki/File:Beatriz_Michelina,_The_Woman_Who_Dared.jpg",public_domain,,Unknown authorUnknown author,Unknown authorUnknown author,,555,707,64291,image/jpeg,,false,,,999,false,false,2025-06-21 19:10:11.297635+00,2025-06-21 19:10:11.297635+00,"{""sha1"":""eb182f32ca89248c976674d1f271099f2e49339c"",""upload_date"":""2022-03-21T05:22:15Z"",""commons_categories"":[""Beatriz Michelena"",""New York Dramatic Mirror, 1916"",""New York Dramatic Mirror covers"",""PD-US missing SDC copyright status"",""PD US expired"",""Public domain images no longer eligible for claim of authorship"",""Template Unknown (author)"",""The Woman Who Dared (1916 film)""]}"
27,15,advertisement,image,https://upload.wikimedia.org/wikipedia/commons/8/8e/The_Woman_Who_Dared.jpg,https://upload.wikimedia.org/wikipedia/commons/thumb/8/8e/The_Woman_Who_Dared.jpg/300px-The_Woman_Who_Dared.jpg,,The Woman Who Dared.jpg,Advertisement in Moving Picture World for the film The Woman Who Dared (1916).,,wikimedia,File:The Woman Who Dared.jpg,https://commons.wikimedia.org/wiki/File:The_Woman_Who_Dared.jpg,public_domain,,California Motion Picture Corporation / Ultra Pictures Corporation,California Motion Picture Corporation / Ultra Pictures Corporation,,708,990,152859,image/jpeg,,false,,,999,false,false,2025-06-21 19:10:11.538458+00,2025-06-21 19:10:11.538458+00,"{""sha1"":""9122ada385d6661db4480d2c2ab4951958e2b6f7"",""upload_date"":""2013-09-30T18:37:32Z"",""commons_categories"":[""1917 advertisements in the United States"",""Beatriz Michelena"",""PD-US missing SDC copyright status"",""PD US"",""The Moving Picture World 1917"",""The Woman Who Dared (1916 film)""]}"
28,16,advertisement,image,https://upload.wikimedia.org/wikipedia/commons/c/c4/The_Place_Beyond_the_Winds.jpg,https://upload.wikimedia.org/wikipedia/commons/thumb/c/c4/The_Place_Beyond_the_Winds.jpg/300px-The_Place_Beyond_the_Winds.jpg,,The Place Beyond the Winds.jpg,Poster for the 1916 film The Place Beyond the Winds,,wikimedia,File:The Place Beyond the Winds.jpg,https://commons.wikimedia.org/wiki/File:The_Place_Beyond_the_Winds.jpg,public_domain,,Unknown authorUnknown author,Unknown authorUnknown author,,555,722,156892,image/jpeg,,true,ae,2025-06-21 19:14:45+00,999,false,false,2025-06-21 19:13:12.368606+00,2025-06-21 19:14:49.330864+00,"{""sha1"":""0c2c611b823efc4c27a42a03ecc14fe1f61b2f0a"",""upload_date"":""2019-04-09T12:21:18Z"",""commons_categories"":[""1916 film posters of the United States"",""PD US expired"",""Template Unknown (author)""]}"
29,18,still,image,https://upload.wikimedia.org/wikipedia/commons/4/45/Ethel_Barrymore_in_scene_The_Awakening_of_Helena_Richie_1916.jpg,https://upload.wikimedia.org/wikipedia/commons/thumb/4/45/Ethel_Barrymore_in_scene_The_Awakening_of_Helena_Richie_1916.jpg/300px-Ethel_Barrymore_in_scene_The_Awakening_of_Helena_Richie_1916.jpg,,Ethel Barrymore in scene The Awakening of Helena Richie 1916.jpg,"Ethel Barrymore, wearing a mid-19th century dress with basque waist and crinoline, stands by a window. She is costumed for the title role in the 1916 silent film ""The Awakening of Helena Richie."" On the reverse of the print, a caption in pencil reads: ""Helena decides to go to the village in search of Pryor's letter.""",,wikimedia,File:Ethel Barrymore in scene The Awakening of Helena Richie 1916.jpg,https://commons.wikimedia.org/wiki/File:Ethel_Barrymore_in_scene_The_Awakening_of_Helena_Richie_1916.jpg,public_domain,,Metro Pictures,Metro Pictures,,465,600,43847,image/jpeg,,false,,,999,false,false,2025-06-21 19:16:24.054943+00,2025-06-21 19:16:24.054943+00,"{""sha1"":""1cf9dd03bb1b40bc9e510e00969fe843c64424ac"",""upload_date"":""2019-05-01T12:03:03Z"",""commons_categories"":[""1916 in film"",""Ethel Barrymore in 1916"",""PD-US missing SDC copyright status"",""PD US""]}"
30,18,advertisement,image,https://upload.wikimedia.org/wikipedia/commons/b/bd/Awakening_of_Helena_Richie_ad_1916.jpg,https://upload.wikimedia.org/wikipedia/commons/thumb/b/bd/Awakening_of_Helena_Richie_ad_1916.jpg/300px-Awakening_of_Helena_Richie_ad_1916.jpg,,Awakening of Helena Richie ad 1916.jpg,Ad for the 1916 film The Awakening of Helena Richie from Motion Picture World. The film is based on a novel of the same name by American author Margaret Deland.,,wikimedia,File:Awakening of Helena Richie ad 1916.jpg,https://commons.wikimedia.org/wiki/File:Awakening_of_Helena_Richie_ad_1916.jpg,public_domain,,Metro Pictures,Metro Pictures,,1425,2025,946982,image/jpeg,,false,,,999,false,false,2025-06-21 19:16:24.401338+00,2025-06-21 19:16:24.401338+00,"{""sha1"":""351015a5cb286d72acaaf44ef5a1d0173de5aaf1"",""upload_date"":""2017-04-07T14:55:43Z"",""commons_categories"":[""1916 films of the United States"",""Advertising of silent films in print media"",""PD-US missing SDC copyright status"",""PD US"",""The Awakening of Helena Richie""]}"
31,19,poster,image,https://upload.wikimedia.org/wikipedia/commons/3/3e/Man_From_Bitter_Roots_poster.jpg,https://upload.wikimedia.org/wikipedia/commons/thumb/3/3e/Man_From_Bitter_Roots_poster.jpg/300px-Man_From_Bitter_Roots_poster.jpg,,Man From Bitter Roots poster.jpg,Poster for the 1916 film The Man From Bitter Roots.,,wikimedia,File:Man From Bitter Roots poster.jpg,https://commons.wikimedia.org/wiki/File:Man_From_Bitter_Roots_poster.jpg,public_domain,,Fox,Fox,,1069,2016,790501,image/jpeg,,false,,,999,false,false,2025-06-21 19:17:28.908411+00,2025-06-21 19:17:28.908411+00,"{""sha1"":""5f9235ecaaf4e1bcf82dbb9c456d8c1ed1a7fe27"",""upload_date"":""2017-03-31T18:33:32Z"",""commons_categories"":[""1916 film posters of the United States"",""Lost films"",""PD US""]}"
33,20,still,image,https://upload.wikimedia.org/wikipedia/commons/5/59/Judith_of_the_Cumberlands_%281916%29_-_1.jpg,https://upload.wikimedia.org/wikipedia/commons/thumb/5/59/Judith_of_the_Cumberlands_%281916%29_-_1.jpg/300px-Judith_of_the_Cumberlands_%281916%29_-_1.jpg,,Judith of the Cumberlands (1916) - 1.jpg,"Still from the American drama film Judith of the Cumberlands (1916), on page 384 of the September 1916 Cine-Mundial (American Spanish language magazine).",,wikimedia,File:Judith of the Cumberlands (1916) - 1.jpg,https://commons.wikimedia.org/wiki/File:Judith_of_the_Cumberlands_(1916)_-_1.jpg,public_domain,,Signal Film / Mutual Film,Signal Film / Mutual Film,,819,576,130775,image/jpeg,,false,,,999,false,false,2025-06-21 19:19:09.56286+00,2025-06-21 19:19:09.56286+00,"{""sha1"":""aa2f27e84d167077a3174d869e2091800771957b"",""upload_date"":""2020-02-22T00:59:34Z"",""commons_categories"":[""1916 films of the United States"",""Cine Mundial, 1916"",""Films by J. P. McGowan"",""Helen Holmes"",""Mutual Film films"",""PD US expired""]}"
34,21,poster,image,https://upload.wikimedia.org/wikipedia/commons/5/54/Freckles_%281917_film%29_poster.jpg,https://upload.wikimedia.org/wikipedia/commons/thumb/5/54/Freckles_%281917_film%29_poster.jpg/300px-Freckles_%281917_film%29_poster.jpg,,Freckles (1917 film) poster.jpg,Poster for the 1917 film Freckles.,,wikimedia,File:Freckles (1917 film) poster.jpg,https://commons.wikimedia.org/wiki/File:Freckles_(1917_film)_poster.jpg,public_domain,,Paramount,Paramount,,300,444,47769,image/jpeg,,false,,,999,false,false,2025-06-21 19:20:18.81706+00,2025-06-21 19:20:18.81706+00,"{""sha1"":""d79cc8e673df861d9f85c99b8dc49da6b76f21ee"",""upload_date"":""2017-05-24T00:45:24Z"",""commons_categories"":[""1917 film posters of the United States"",""Freckles (1917 film)"",""Jack Pickford"",""Louise Huff"",""PD-US missing SDC copyright status"",""PD US""]}"
37,22,still,image,https://upload.wikimedia.org/wikipedia/commons/2/2a/Rebecca_of_Sunnybrook_Farm_%281917%29_-_2.jpg,https://upload.wikimedia.org/wikipedia/commons/thumb/2/2a/Rebecca_of_Sunnybrook_Farm_%281917%29_-_2.jpg/300px-Rebecca_of_Sunnybrook_Farm_%281917%29_-_2.jpg,,Rebecca of Sunnybrook Farm (1917) - 2.jpg,"Still from the American film Rebecca of Sunnybrook Farm (1917) with Mary Pickford, on page 26 of the September 22, 1917 Exhibitors Herald.",,wikimedia,File:Rebecca of Sunnybrook Farm (1917) - 2.jpg,https://commons.wikimedia.org/wiki/File:Rebecca_of_Sunnybrook_Farm_(1917)_-_2.jpg,public_domain,,Artcraft Pictures Corporation,Artcraft Pictures Corporation,,582,460,53035,image/jpeg,,false,,,999,false,false,2025-06-21 19:34:23.268891+00,2025-06-21 19:34:23.268891+00,"{""sha1"":""e2c4dcf091e24a42ab2c860509965a7a32b413b6"",""upload_date"":""2015-07-21T22:44:16Z"",""commons_categories"":[""Exhibitors Herald, 1917"",""Mary Pickford in 1917"",""PD-US missing SDC copyright status"",""PD US"",""Rebecca of Sunnybrook Farm (1917 film)""]}"
38,22,advertisement,image,https://upload.wikimedia.org/wikipedia/commons/5/56/Rebecca_of_Sunnybrook_Farm_%281917%29_-_3.jpg,https://upload.wikimedia.org/wikipedia/commons/thumb/5/56/Rebecca_of_Sunnybrook_Farm_%281917%29_-_3.jpg/300px-Rebecca_of_Sunnybrook_Farm_%281917%29_-_3.jpg,,Rebecca of Sunnybrook Farm (1917) - 3.jpg,"Advertisement for the 1920 reissue of the American film Rebecca of Sunnybrook Farm (1917) with Mary Pickford, on page 2 (inside front cover) of the June 12, 1920 Exhibitors Herald.",,wikimedia,File:Rebecca of Sunnybrook Farm (1917) - 3.jpg,https://commons.wikimedia.org/wiki/File:Rebecca_of_Sunnybrook_Farm_(1917)_-_3.jpg,public_domain,,Artcraft Pictures Corporation,Artcraft Pictures Corporation,,572,820,106561,image/jpeg,,false,,,999,false,false,2025-06-21 19:34:23.538694+00,2025-06-21 19:34:23.538694+00,"{""sha1"":""82d41fb7309bb1ef2e4682fc4209893972f32d4b"",""upload_date"":""2016-09-23T14:57:58Z"",""commons_categories"":[""Mary Pickford in 1917"",""PD-US missing SDC copyright status"",""PD US"",""Rebecca of Sunnybrook Farm (1917 film)""]}"
39,22,advertisement,image,https://upload.wikimedia.org/wikipedia/commons/9/97/Rebecca_of_Sunnybrook_Farm_%281917%29_-_5.jpg,https://upload.wikimedia.org/wikipedia/commons/thumb/9/97/Rebecca_of_Sunnybrook_Farm_%281917%29_-_5.jpg/300px-Rebecca_of_Sunnybrook_Farm_%281917%29_-_5.jpg,,Rebecca of Sunnybrook Farm (1917) - 5.jpg,"Advertisement for the American comedy drama film Rebecca of Sunnybrook Farm (1917) with Mary Pickford, on page 28 of the August 31, 1917 Variety.",,wikimedia,File:Rebecca of Sunnybrook Farm (1917) - 5.jpg,https://commons.wikimedia.org/wiki/File:Rebecca_of_Sunnybrook_Farm_(1917)_-_5.jpg,public_domain,,Mary Pickford Company / Artcraft Pictures Corporation,Mary Pickford Company / Artcraft Pictures Corporation,,567,775,110710,image/jpeg,,false,,,999,false,false,2025-06-21 19:34:23.880655+00,2025-06-21 19:34:23.880655+00,"{""sha1"":""ba9a5793d9cb7f32a26c1bc4b693e2ebf23832e2"",""upload_date"":""2017-03-28T14:46:00Z"",""commons_categories"":[""Advertising of silent films in print media"",""Mary Pickford in 1917"",""PD US expired"",""Rebecca of Sunnybrook Farm (1917 film)"",""Variety, 1917""]}"
40,22,advertisement,image,https://upload.wikimedia.org/wikipedia/commons/e/e5/Rebecca_of_Sunnybrook_Farm_%281917%29_-_4.jpg,https://upload.wikimedia.org/wikipedia/commons/thumb/e/e5/Rebecca_of_Sunnybrook_Farm_%281917%29_-_4.jpg/300px-Rebecca_of_Sunnybrook_Farm_%281917%29_-_4.jpg,,Rebecca of Sunnybrook Farm (1917) - 4.jpg,"Advertisement for the American comedy drama film Rebecca of Sunnybrook Farm (1917) with Mary Pickford, on page 30 of the August 17, 1917 Variety.",,wikimedia,File:Rebecca of Sunnybrook Farm (1917) - 4.jpg,https://commons.wikimedia.org/wiki/File:Rebecca_of_Sunnybrook_Farm_(1917)_-_4.jpg,public_domain,,Mary Pickford Company / Artcraft Pictures Corporation,Mary Pickford Company / Artcraft Pictures Corporation,,578,840,110326,image/jpeg,,false,,,999,false,false,2025-06-21 19:34:24.211688+00,2025-06-21 19:34:24.211688+00,"{""sha1"":""09d3e3245039db0a61b6a6f707c72f0f16dc5494"",""upload_date"":""2017-03-28T12:32:56Z"",""commons_categories"":[""Advertising of silent films in print media"",""Mary Pickford in 1917"",""PD US expired"",""Rebecca of Sunnybrook Farm (1917 film)"",""Variety, 1917""]}"
41,22,poster,image,https://upload.wikimedia.org/wikipedia/commons/5/54/Rebecca_of_Sunnybrook_Farm_1917_poster.jpg,https://upload.wikimedia.org/wikipedia/commons/thumb/5/54/Rebecca_of_Sunnybrook_Farm_1917_poster.jpg/300px-Rebecca_of_Sunnybrook_Farm_1917_poster.jpg,,Rebecca of Sunnybrook Farm 1917 poster.jpg,Poster for the 1917 film Rebecca of Sunnybrook Farm.,,wikimedia,File:Rebecca of Sunnybrook Farm 1917 poster.jpg,https://commons.wikimedia.org/wiki/File:Rebecca_of_Sunnybrook_Farm_1917_poster.jpg,public_domain,,Artcraft,Artcraft,,300,458,35346,image/jpeg,,false,,,999,false,false,2025-06-21 19:34:24.553829+00,2025-06-21 19:34:24.553829+00,"{""sha1"":""0b9837206007fc70988d97fc0caa7df23dcdc7c5"",""upload_date"":""2017-04-02T20:13:40Z"",""commons_categories"":[""1917 film posters of the United States"",""PD-US missing SDC copyright status"",""PD US"",""Rebecca of Sunnybrook Farm (1917 film)""]}"
42,22,production_photo,image,https://upload.wikimedia.org/wikipedia/commons/4/4c/Rebecca_of_Sunnybrook_Farm_%281917%29_still_3.jpg,https://upload.wikimedia.org/wikipedia/commons/thumb/4/4c/Rebecca_of_Sunnybrook_Farm_%281917%29_still_3.jpg/300px-Rebecca_of_Sunnybrook_Farm_%281917%29_still_3.jpg,,Rebecca of Sunnybrook Farm (1917) still 3.jpg,"L. to R. : Walter Stradling (cinematographer), Marshall Neilan (director), Eugene O'Brien (actor) &amp; Mary Pickford (actress), on the set of Rebecca of Sunnybrook Farm - publicity still",,wikimedia,File:Rebecca of Sunnybrook Farm (1917) still 3.jpg,https://commons.wikimedia.org/wiki/File:Rebecca_of_Sunnybrook_Farm_(1917)_still_3.jpg,public_domain,,unknown (Artcraft Pictures Corporation),unknown (Artcraft Pictures Corporation),,2754,2180,3437431,image/jpeg,,true,ae,2025-06-21 19:36:55+00,1,true,false,2025-06-21 19:34:24.851966+00,2025-06-21 19:37:05.407755+00,"{""sha1"":""9b55f8136c702d1051f7224594d4608133d2c529"",""upload_date"":""2015-11-28T18:37:24Z"",""commons_categories"":[""Eugene O'Brien"",""Images with extracted images"",""Marshall Neilan"",""Mary Pickford in 1917"",""PD US"",""Rebecca of Sunnybrook Farm (1917 film)"",""Walter Stradling""]}"
43,24,lobby_card,image,https://upload.wikimedia.org/wikipedia/commons/3/33/An_Alabaster_Box_%281917%2C_lobby_card%29.jpg,https://upload.wikimedia.org/wikipedia/commons/thumb/3/33/An_Alabaster_Box_%281917%2C_lobby_card%29.jpg/300px-An_Alabaster_Box_%281917%2C_lobby_card%29.jpg,,"An Alabaster Box (1917, lobby card).jpg",Lobby card for An Alabaster Box (1917).,,wikimedia,"File:An Alabaster Box (1917, lobby card).jpg","https://commons.wikimedia.org/wiki/File:An_Alabaster_Box_(1917,_lobby_card).jpg",public_domain,,Vitagraph Studios,Vitagraph Studios,,820,635,76708,image/jpeg,,false,,,999,false,false,2025-06-21 19:38:47.070478+00,2025-06-21 19:38:47.070478+00,"{""sha1"":""5da160f483396db00bcd38ee5a4c3225fbca1b3e"",""upload_date"":""2022-04-30T15:29:10Z"",""commons_categories"":[""1917 films of the United States"",""Alice Joyce"",""Films by Chester Withey"",""Lobby cards of the United States, 1917"",""Marc MacDermott"",""PD US expired"",""Silent films of the United States"",""V-L-S-E films"",""V-L-S-E publicity photos"",""Vitagraph Studios films"",""Vitagraph Studios publicity photos""]}"
44,25,still,image,https://upload.wikimedia.org/wikipedia/commons/7/7b/Vivian_Martin%2C_film_actress_%28SAYRE_6746%29.jpg,https://upload.wikimedia.org/wikipedia/commons/thumb/7/7b/Vivian_Martin%2C_film_actress_%28SAYRE_6746%29.jpg/300px-Vivian_Martin%2C_film_actress_%28SAYRE_6746%29.jpg,,"Vivian Martin, film actress (SAYRE 6746).jpg","Vivian Martin, film actress, in a still from the American film The Fair Barbarian (1917) Subjects: actresses, motion pictures",,wikimedia,"File:Vivian Martin, film actress (SAYRE 6746).jpg","https://commons.wikimedia.org/wiki/File:Vivian_Martin,_film_actress_(SAYRE_6746).jpg",public_domain,,Unknown authorUnknown author,Unknown authorUnknown author,,1089,1361,173940,image/jpeg,,false,,,999,false,false,2025-06-21 19:39:08.734959+00,2025-06-21 19:39:08.734959+00,"{""sha1"":""d8ccb0af34df4baad3e3b357b258c64f3e7306b8"",""upload_date"":""2019-07-22T15:32:46Z"",""commons_categories"":[""1917 films of the United States"",""Films by Robert Thornby"",""Images from the J. Willis Sayre Collection of Theatrical Photographs"",""PD US expired"",""Paramount Pictures live-action films"",""Template Unknown (author)"",""Vivian Martin""]}"
45,26,poster,image,https://upload.wikimedia.org/wikipedia/commons/9/91/Secretofstormcountry.jpg,https://upload.wikimedia.org/wikipedia/commons/thumb/9/91/Secretofstormcountry.jpg/300px-Secretofstormcountry.jpg,,Secretofstormcountry.jpg,Poster to the American film The Secret of the Storm Country in 1917.,,wikimedia,File:Secretofstormcountry.jpg,https://commons.wikimedia.org/wiki/File:Secretofstormcountry.jpg,public_domain,,Select Pictures Corporation,Select Pictures Corporation,,828,1234,325134,image/jpeg,,false,,,999,false,false,2025-06-21 19:40:14.811916+00,2025-06-21 19:40:14.811916+00,"{""sha1"":""7c8bbe46fe7e8d1a704944cd52d1bc7a46162dcf"",""upload_date"":""2017-11-26T03:36:21Z"",""commons_categories"":[""1917 film posters of the United States"",""1917 films of the United States"",""Niles Welch"",""Norma Talmadge"",""PD US"",""Select Pictures Corporation films""]}"
46,27,advertisement,image,https://upload.wikimedia.org/wikipedia/commons/8/80/Advertisement_for_Mrs._Balfame_%281917_film%29.png,https://upload.wikimedia.org/wikipedia/commons/thumb/8/80/Advertisement_for_Mrs._Balfame_%281917_film%29.png/300px-Advertisement_for_Mrs._Balfame_%281917_film%29.png,,Advertisement for Mrs. Balfame (1917 film).png,"An advertisement in Motography Magazine for the 1917 film Mrs. Balfame, starring Nance O'Neil",,wikimedia,File:Advertisement for Mrs. Balfame (1917 film).png,https://commons.wikimedia.org/wiki/File:Advertisement_for_Mrs._Balfame_(1917_film).png,public_domain,,Motography,Motography,,1308,1750,2995008,image/png,,false,,,999,false,false,2025-06-21 19:40:40.075217+00,2025-06-21 19:40:40.075217+00,"{""sha1"":""34bd6a16f979da9e12816611463db60ae585293c"",""upload_date"":""2019-02-22T21:40:03Z"",""commons_categories"":[""Film"",""PD-US missing SDC copyright status"",""PD US expired""]}"
47,27,still,image,https://upload.wikimedia.org/wikipedia/commons/e/ea/Still_from_Mrs._Balfame_%281917_film%29.png,https://upload.wikimedia.org/wikipedia/commons/thumb/e/ea/Still_from_Mrs._Balfame_%281917_film%29.png/300px-Still_from_Mrs._Balfame_%281917_film%29.png,,Still from Mrs. Balfame (1917 film).png,"A still from the 1917 film Mrs. Balfame, depicting Mr. Balfame choking his wife after a night of drinking.",,wikimedia,File:Still from Mrs. Balfame (1917 film).png,https://commons.wikimedia.org/wiki/File:Still_from_Mrs._Balfame_(1917_film).png,public_domain,,Motography,Motography,,796,620,747221,image/png,,false,,,999,false,false,2025-06-21 19:40:40.390835+00,2025-06-21 19:40:40.390835+00,"{""sha1"":""eb367282a1b62dc15c765fff2b03f86ffec756aa"",""upload_date"":""2019-02-22T21:35:21Z"",""commons_categories"":[""Film"",""PD US expired""]}"
48,28,poster,image,https://upload.wikimedia.org/wikipedia/commons/7/71/Mr._Opp_1917_film.jpg,https://upload.wikimedia.org/wikipedia/commons/thumb/7/71/Mr._Opp_1917_film.jpg/300px-Mr._Opp_1917_film.jpg,,Mr. Opp 1917 film.jpg,Poster for Mr. Opp,,wikimedia,File:Mr. Opp 1917 film.jpg,https://commons.wikimedia.org/wiki/File:Mr._Opp_1917_film.jpg,public_domain,,Unknown authorUnknown author,Unknown authorUnknown author,,1457,1909,1237571,image/jpeg,,false,,,999,false,false,2025-06-21 19:41:05.006539+00,2025-06-21 19:41:05.006539+00,"{""sha1"":""33539b9d655cb6c0959a63804d1c685e4254ddcc"",""upload_date"":""2020-11-05T04:56:00Z"",""commons_categories"":[""1917 film posters of the United States"",""PD US expired"",""Template Unknown (author)""]}"
49,29,advertisement,image,https://upload.wikimedia.org/wikipedia/commons/3/32/A_Wife_on_Trial_ad_in_Motion_Picture_News_%28Jul-Aug_1917%29_%28IA_motionpicturenew161unse%29_%28page_430_crop%29.jpg,https://upload.wikimedia.org/wikipedia/commons/thumb/3/32/A_Wife_on_Trial_ad_in_Motion_Picture_News_%28Jul-Aug_1917%29_%28IA_motionpicturenew161unse%29_%28page_430_crop%29.jpg/300px-A_Wife_on_Trial_ad_in_Motion_Picture_News_%28Jul-Aug_1917%29_%28IA_motionpicturenew161unse%29_%28page_430_crop%29.jpg,,A Wife on Trial ad in Motion Picture News (Jul-Aug 1917) (IA motionpicturenew161unse) (page 430 crop).jpg,":Title: Motion Picture News (Jul-Aug 1917) Description: Issue for Oct. 21, 1916 (v. 14, no. 16) in two sections, with section 2 called Studio directory, 2d edLater editions of the directory issued separately, 1917 as Studio directory, 3d ed.; 1918- as Motion picture studio directory, 4th- edMerged with: Exhibitor's herald world, to form: Motion picture heraldDescription based on: Vol. 14, no. 16 (Oct. 21, 1916); title from coverSERBIB/SERLOC merged record Topics: motion pictures LCCN: ca 1500014",,wikimedia,File:A Wife on Trial ad in Motion Picture News (Jul-Aug 1917) (IA motionpicturenew161unse) (page 430 crop).jpg,https://commons.wikimedia.org/wiki/File:A_Wife_on_Trial_ad_in_Motion_Picture_News_(Jul-Aug_1917)_(IA_motionpicturenew161unse)_(page_430_crop).jpg,public_domain,,"Motion Picture News, inc.","Motion Picture News, inc.",,2091,2786,606696,image/jpeg,,false,,,999,false,false,2025-06-21 19:42:44.986207+00,2025-06-21 19:42:44.986207+00,"{""sha1"":""41d6ff7b2d09e43d9c52fade6aca4fd920b308b9"",""upload_date"":""2021-12-23T09:52:06Z"",""commons_categories"":[""1917 advertisements in the United States"",""A Wife on Trial"",""Extracted images"",""Film advertising in the United States"",""Motion Picture News, 1917"",""PD US expired""]}"
50,30,production_photo,image,https://upload.wikimedia.org/wikipedia/commons/6/6c/Antonio_Moreno_in_%22A_Son_of_the_Hills%22_%28SAYRE_13544%29.jpg,https://upload.wikimedia.org/wikipedia/commons/thumb/6/6c/Antonio_Moreno_in_%22A_Son_of_the_Hills%22_%28SAYRE_13544%29.jpg/300px-Antonio_Moreno_in_%22A_Son_of_the_Hills%22_%28SAYRE_13544%29.jpg,,"Antonio Moreno in ""A Son of the Hills"" (SAYRE 13544).jpg","Antonio Moreno in A Son of the Hills, which opened July 19, 1917, at the Clemmer Theater, Seattle. Subjects: motion pictures, actors",,wikimedia,"File:Antonio Moreno in ""A Son of the Hills"" (SAYRE 13544).jpg","https://commons.wikimedia.org/wiki/File:Antonio_Moreno_in_""A_Son_of_the_Hills""_(SAYRE_13544).jpg",public_domain,,Unknown authorUnknown author,Unknown authorUnknown author,,1904,1324,334429,image/jpeg,,false,,,999,false,false,2025-06-21 19:43:15.382789+00,2025-06-21 19:43:15.382789+00,"{""sha1"":""d1dc9ffbdc8d71c38658871872753b01f44fba52"",""upload_date"":""2019-07-22T06:32:45Z"",""commons_categories"":[""1917 films of the United States"",""Antonio Moreno"",""Films by Harry Davenport"",""Images from the J. Willis Sayre Collection of Theatrical Photographs"",""PD US expired"",""Template Unknown (author)"",""V-L-S-E films"",""V-L-S-E publicity photos"",""Vitagraph Studios films"",""Vitagraph Studios publicity photos""]}"
51,31,still,image,https://upload.wikimedia.org/wikipedia/commons/f/f8/The_Primrose_Ring_%281917%29_-_1.jpg,https://upload.wikimedia.org/wikipedia/commons/thumb/f/f8/The_Primrose_Ring_%281917%29_-_1.jpg/300px-The_Primrose_Ring_%281917%29_-_1.jpg,,The Primrose Ring (1917) - 1.jpg,"Still from the American drama film The Primrose Ring (1917) with Tom Moore and Mae Murray, from the July 1917 Film Fun.",,wikimedia,File:The Primrose Ring (1917) - 1.jpg,https://commons.wikimedia.org/wiki/File:The_Primrose_Ring_(1917)_-_1.jpg,public_domain,,Paramount Pictures,Paramount Pictures,,561,581,63426,image/jpeg,,false,,,999,false,false,2025-06-21 19:43:37.874629+00,2025-06-21 19:43:37.874629+00,"{""sha1"":""128c2c6ac9d2abf8b6fdd252230b6784474a24fb"",""upload_date"":""2021-12-21T17:32:52Z"",""commons_categories"":[""Film Fun, 1917"",""Mae Murray"",""PD US expired"",""The Primrose Ring (film)"",""Tom Moore (actor)""]}"
52,31,poster,image,https://upload.wikimedia.org/wikipedia/commons/8/8d/The_Primrose_Ring_poster.jpg,https://upload.wikimedia.org/wikipedia/commons/thumb/8/8d/The_Primrose_Ring_poster.jpg/300px-The_Primrose_Ring_poster.jpg,,The Primrose Ring poster.jpg,Poster for the American drama film The Primrose Ring (1917).,,wikimedia,File:The Primrose Ring poster.jpg,https://commons.wikimedia.org/wiki/File:The_Primrose_Ring_poster.jpg,public_domain,,Paramount Pictures,Paramount Pictures,,300,441,47469,image/jpeg,,false,,,999,false,false,2025-06-21 19:43:38.139679+00,2025-06-21 19:43:38.139679+00,"{""sha1"":""c68c35915d9d43858c147d37038b665619b8da1a"",""upload_date"":""2017-05-03T13:51:30Z"",""commons_categories"":[""Mae Murray"",""PD-US missing SDC copyright status"",""PD US"",""The Primrose Ring (film)"",""Tom Moore (actor)""]}"
53,32,still,image,https://upload.wikimedia.org/wikipedia/commons/b/b6/The_Rise_of_Jennie_Cushing_%281917%29_-_2.jpg,https://upload.wikimedia.org/wikipedia/commons/thumb/b/b6/The_Rise_of_Jennie_Cushing_%281917%29_-_2.jpg/300px-The_Rise_of_Jennie_Cushing_%281917%29_-_2.jpg,,The Rise of Jennie Cushing (1917) - 2.jpg,"Still from the American drama film The Rise of Jennie Cushing (1917) with Elsie Ferguson and two unidentified actresses, on page 26 of the November 17, 1917 Exhibitors Herald.",,wikimedia,File:The Rise of Jennie Cushing (1917) - 2.jpg,https://commons.wikimedia.org/wiki/File:The_Rise_of_Jennie_Cushing_(1917)_-_2.jpg,public_domain,,Famous Players-Lasky / Artcraft Pictures,Famous Players-Lasky / Artcraft Pictures,,574,431,51354,image/jpeg,,false,,,999,false,false,2025-06-21 19:52:23.262549+00,2025-06-21 19:52:23.262549+00,"{""sha1"":""dabd9bdcb1a0b818ac4457b4ab1639212678d1c3"",""upload_date"":""2015-08-21T12:43:30Z"",""commons_categories"":[""Elsie Ferguson"",""PD-US missing SDC copyright status"",""PD US"",""The Rise of Jennie Cushing"",""Unidentified actresses from the United States""]}"
54,32,still,image,https://upload.wikimedia.org/wikipedia/commons/7/79/The_Rise_of_Jennie_Cushing_movie_scene_1917.jpg,https://upload.wikimedia.org/wikipedia/commons/thumb/7/79/The_Rise_of_Jennie_Cushing_movie_scene_1917.jpg/300px-The_Rise_of_Jennie_Cushing_movie_scene_1917.jpg,,The Rise of Jennie Cushing movie scene 1917.jpg,"The Rise of Jennie Cushing is a 1917 silent film directed by Maurice Tourneur, produced by Famous Players-Lasky and distributed by Artcraft Pictures, an affiliate of Paramount Pictures. This is a scene from the film.",,wikimedia,File:The Rise of Jennie Cushing movie scene 1917.jpg,https://commons.wikimedia.org/wiki/File:The_Rise_of_Jennie_Cushing_movie_scene_1917.jpg,public_domain,,Famous Players-Lasky,Famous Players-Lasky,,2887,2410,771648,image/jpeg,,false,,,999,false,false,2025-06-21 19:52:23.576663+00,2025-06-21 19:52:23.576663+00,"{""sha1"":""e1d519a644ea1996856155910a35e52e1840ce10"",""upload_date"":""2014-03-30T10:12:38Z"",""commons_categories"":[""Elliott Dexter"",""Elsie Ferguson"",""Images from the J. Willis Sayre Collection of Theatrical Photographs"",""PD-US missing SDC copyright status"",""PD US expired"",""The Rise of Jennie Cushing""]}"
55,32,advertisement,image,https://upload.wikimedia.org/wikipedia/commons/5/55/The_Rise_of_Jennie_Cushing_newspaper_ad_1918.jpg,https://upload.wikimedia.org/wikipedia/commons/thumb/5/55/The_Rise_of_Jennie_Cushing_newspaper_ad_1918.jpg/300px-The_Rise_of_Jennie_Cushing_newspaper_ad_1918.jpg,,The Rise of Jennie Cushing newspaper ad 1918.jpg,"The Rise of Jennie Cushing is a 1917 silent film directed by Maurice Tourneur, produced by Famous Players-Lasky and distributed by Artcraft Pictures, an affiliate of Paramount Pictures. This is a faded newspaper advert for the film.",,wikimedia,File:The Rise of Jennie Cushing newspaper ad 1918.jpg,https://commons.wikimedia.org/wiki/File:The_Rise_of_Jennie_Cushing_newspaper_ad_1918.jpg,public_domain,,Artcraft Pictures,Artcraft Pictures,,1928,901,475168,image/jpeg,,false,,,999,false,false,2025-06-21 19:52:23.910663+00,2025-06-21 19:52:23.910663+00,"{""sha1"":""e4eb8fb0763b32d6ca0ec8aa8c298bd3fb770ff5"",""upload_date"":""2014-03-30T10:06:56Z"",""commons_categories"":[""Elsie Ferguson"",""PD-US missing SDC copyright status"",""PD US"",""The Rise of Jennie Cushing""]}"
56,33,advertisement,image,https://upload.wikimedia.org/wikipedia/commons/4/4f/Kildare_of_Storm_%281918%29_-_1.jpg,https://upload.wikimedia.org/wikipedia/commons/thumb/4/4f/Kildare_of_Storm_%281918%29_-_1.jpg/300px-Kildare_of_Storm_%281918%29_-_1.jpg,,Kildare of Storm (1918) - 1.jpg,"Advertisement for the American drama film Kildare of Storm (1918) with Emily Stevens, in an insert promoting Metro Pictures films at page 10 of the August 24, 1918 Exhibitors Herald.",,wikimedia,File:Kildare of Storm (1918) - 1.jpg,https://commons.wikimedia.org/wiki/File:Kildare_of_Storm_(1918)_-_1.jpg,public_domain,,Metro Pictures Corporation,Metro Pictures Corporation,,280,645,46141,image/jpeg,,false,,,999,false,false,2025-06-21 19:52:46.328319+00,2025-06-21 19:52:46.328319+00,"{""sha1"":""197169867dfffb46abb1cb2b43974376adaddda6"",""upload_date"":""2016-01-04T21:42:00Z"",""commons_categories"":[""Emily Stevens"",""Kildare of Storm"",""PD-US missing SDC copyright status"",""PD US""]}"
57,33,advertisement,image,https://upload.wikimedia.org/wikipedia/commons/1/1d/Kildare_of_Storm_1919_newspaperad.jpg,https://upload.wikimedia.org/wikipedia/commons/thumb/1/1d/Kildare_of_Storm_1919_newspaperad.jpg/300px-Kildare_of_Storm_1919_newspaperad.jpg,,Kildare of Storm 1919 newspaperad.jpg,Kildare of Storm is a lost 1918 silent film produced and distributed by Metro Pictures and directed by Harry L. Franklin. This is a newspaper advert for this film.,,wikimedia,File:Kildare of Storm 1919 newspaperad.jpg,https://commons.wikimedia.org/wiki/File:Kildare_of_Storm_1919_newspaperad.jpg,public_domain,,Metro Pictures,Metro Pictures,,1040,582,162765,image/jpeg,,false,,,999,false,false,2025-06-21 19:52:46.655921+00,2025-06-21 19:52:46.655921+00,"{""sha1"":""84de0700ffbf11e5a9c01a938544c33ad2df553a"",""upload_date"":""2013-09-20T13:17:33Z"",""commons_categories"":[""Advertising of silent films in print media"",""Emily Stevens"",""Kildare of Storm"",""PD-US missing SDC copyright status"",""PD US""]}"
58,33,still,image,https://upload.wikimedia.org/wikipedia/commons/b/bb/A_scene_from_%27Kildares_of_Storm%22_%28SAYRE_13874%29.jpg,https://upload.wikimedia.org/wikipedia/commons/thumb/b/bb/A_scene_from_%27Kildares_of_Storm%22_%28SAYRE_13874%29.jpg/300px-A_scene_from_%27Kildares_of_Storm%22_%28SAYRE_13874%29.jpg,,"A scene from 'Kildares of Storm"" (SAYRE 13874).jpg","A scene from the American drama film Kildare of Storm (1918) [correction to title], which played at the Mission Theater, Seattle. Includes Emily Stevens. Date stamped Oct. 3. Subjects: motion pictures, actresses",,wikimedia,"File:A scene from 'Kildares of Storm"" (SAYRE 13874).jpg","https://commons.wikimedia.org/wiki/File:A_scene_from_'Kildares_of_Storm""_(SAYRE_13874).jpg",public_domain,,Unknown authorUnknown author,Unknown authorUnknown author,,2699,2127,503201,image/jpeg,,false,,,999,false,false,2025-06-21 19:52:46.909374+00,2025-06-21 19:52:46.909374+00,"{""sha1"":""322754ca1a692420f1ce789ff6272a00197c32d4"",""upload_date"":""2019-07-22T07:02:46Z"",""commons_categories"":[""Emily Stevens"",""Images from the J. Willis Sayre Collection of Theatrical Photographs"",""Kildare of Storm"",""King Baggot"",""PD US expired"",""Template Unknown (author)""]}"
60,34,advertisement,image,https://upload.wikimedia.org/wikipedia/commons/c/c9/Sunshine_Nan_%281918%29_lantern_slide.jpg,https://upload.wikimedia.org/wikipedia/commons/thumb/c/c9/Sunshine_Nan_%281918%29_lantern_slide.jpg/300px-Sunshine_Nan_%281918%29_lantern_slide.jpg,,Sunshine Nan (1918) lantern slide.jpg,This is a lantern slide for the 1918 American silent comedy-drama film Sunshine Nan.,,wikimedia,File:Sunshine Nan (1918) lantern slide.jpg,https://commons.wikimedia.org/wiki/File:Sunshine_Nan_(1918)_lantern_slide.jpg,public_domain,,Paramount Pictures,Paramount Pictures,,740,631,255108,image/jpeg,,false,,,999,false,false,2025-06-21 19:53:18.857747+00,2025-06-21 19:53:18.857747+00,"{""sha1"":""4e8e3e440dc9314368f5b21305557ff79c736de6"",""upload_date"":""2018-07-07T04:11:44Z"",""commons_categories"":[""1918 films of the United States"",""Ann Pennington (actress)"",""Film advertisements on lantern slides"",""PD US expired"",""Paramount Pictures films""]}"
61,35,still,image,https://upload.wikimedia.org/wikipedia/commons/7/72/Anna_Q._Nilsson_in_The_Vanity_Pool.jpg,https://upload.wikimedia.org/wikipedia/commons/thumb/7/72/Anna_Q._Nilsson_in_The_Vanity_Pool.jpg/300px-Anna_Q._Nilsson_in_The_Vanity_Pool.jpg,,Anna Q. Nilsson in The Vanity Pool.jpg,"Still with Thomas Holding, Anna Q. Nilsson, and Franklyn Farnum in the American drama film The Vanity Pool (1918).",,wikimedia,File:Anna Q. Nilsson in The Vanity Pool.jpg,https://commons.wikimedia.org/wiki/File:Anna_Q._Nilsson_in_The_Vanity_Pool.jpg,public_domain,,Universal Film Manufacturing Company,Universal Film Manufacturing Company,,483,332,27097,image/jpeg,,false,,,999,false,false,2025-06-21 19:53:39.507595+00,2025-06-21 19:53:39.507595+00,"{""sha1"":""34b8880dd56728d938573b799bd9d3e6070dc9d5"",""upload_date"":""2010-03-23T08:04:11Z"",""commons_categories"":[""Anna Q. Nilsson"",""Franklyn Farnum"",""PD-US missing SDC copyright status"",""PD US"",""The Vanity Pool"",""Thomas Holding""]}"
62,35,lobby_card,image,https://upload.wikimedia.org/wikipedia/commons/d/d7/Vanity_Pool_lobby_card.jpg,https://upload.wikimedia.org/wikipedia/commons/thumb/d/d7/Vanity_Pool_lobby_card.jpg/300px-Vanity_Pool_lobby_card.jpg,,Vanity Pool lobby card.jpg,Lobby card for the American drama film The Vanity Pool (1918).,,wikimedia,File:Vanity Pool lobby card.jpg,https://commons.wikimedia.org/wiki/File:Vanity_Pool_lobby_card.jpg,public_domain,,Universal Film Manufacturing Company,Universal Film Manufacturing Company,,1400,1090,240098,image/jpeg,,false,,,999,false,false,2025-06-21 19:53:39.760138+00,2025-06-21 19:53:39.760138+00,"{""sha1"":""84719c31cddbc4be5dec55b81ea391d42adcfd8e"",""upload_date"":""2017-07-06T16:25:10Z"",""commons_categories"":[""Lobby cards of the United States, 1918"",""PD-US missing SDC copyright status"",""PD US"",""The Vanity Pool""]}"
63,36,still,image,https://upload.wikimedia.org/wikipedia/commons/2/22/The_Panther_Woman_%281918%29_-_1.jpg,https://upload.wikimedia.org/wikipedia/commons/thumb/2/22/The_Panther_Woman_%281918%29_-_1.jpg/300px-The_Panther_Woman_%281918%29_-_1.jpg,,The Panther Woman (1918) - 1.jpg,"Still of the production crew for the American drama film The Panther Woman (1918) with assistant keeper of the studio Robert Goldstein, assistant director Eddie James, cameraman Harry Harris, and director Ralph Ince (seated), on page 18 of the June 15, 1918 Exhibitors Herald.",,wikimedia,File:The Panther Woman (1918) - 1.jpg,https://commons.wikimedia.org/wiki/File:The_Panther_Woman_(1918)_-_1.jpg,public_domain,,Petrova Picture Company / First National Exhibitors' Circuit,Petrova Picture Company / First National Exhibitors' Circuit,,708,526,72657,image/jpeg,,false,,,999,false,false,2025-06-21 19:54:04.138742+00,2025-06-21 19:54:04.138742+00,"{""sha1"":""6555ac3fff715d07a4dc69b88eb00891775c1572"",""upload_date"":""2015-12-18T13:46:24Z"",""commons_categories"":[""First National Pictures publicity photos"",""PD-US missing SDC copyright status"",""PD US"",""Ralph Ince"",""The Panther Woman""]}"
64,36,advertisement,image,https://upload.wikimedia.org/wikipedia/commons/0/07/The_Panther_Woman_%281918%29_-_3.jpg,https://upload.wikimedia.org/wikipedia/commons/thumb/0/07/The_Panther_Woman_%281918%29_-_3.jpg/300px-The_Panther_Woman_%281918%29_-_3.jpg,,The Panther Woman (1918) - 3.jpg,"Advertisement for the American drama film The Panther Woman (1918) with Rockliffe Fellowes and Olga Petrova, on page 9 of the October 26, 1918 Exhibitors Herald.",,wikimedia,File:The Panther Woman (1918) - 3.jpg,https://commons.wikimedia.org/wiki/File:The_Panther_Woman_(1918)_-_3.jpg,public_domain,,Petrova Picture Company / First National Exhibitors' Circuit,Petrova Picture Company / First National Exhibitors' Circuit,,613,819,120100,image/jpeg,,false,,,999,false,false,2025-06-21 19:54:04.408483+00,2025-06-21 19:54:04.408483+00,"{""sha1"":""ab258fd0954b2e4f395267af492b567f5a240118"",""upload_date"":""2016-01-18T23:22:22Z"",""commons_categories"":[""Olga Petrova"",""PD-US missing SDC copyright status"",""PD US"",""Rockliffe Fellowes"",""The Panther Woman""]}"
65,36,advertisement,image,https://upload.wikimedia.org/wikipedia/commons/a/a9/The_Panther_Woman_%281918%29_-_4.jpg,https://upload.wikimedia.org/wikipedia/commons/thumb/a/a9/The_Panther_Woman_%281918%29_-_4.jpg/300px-The_Panther_Woman_%281918%29_-_4.jpg,,The Panther Woman (1918) - 4.jpg,"Advertisement for the American drama film The Panther Woman (1918) with Olga Petrova, on page 9 of the November 2, 1918 Exhibitors Herald.",,wikimedia,File:The Panther Woman (1918) - 4.jpg,https://commons.wikimedia.org/wiki/File:The_Panther_Woman_(1918)_-_4.jpg,public_domain,,Petrova Picture Company / First National Exhibitors' Circuit / Gourlay (drawing),Petrova Picture Company / First National Exhibitors' Circuit / Gourlay (drawing),,2526,3503,1941927,image/jpeg,,false,,,999,false,false,2025-06-21 19:54:04.766926+00,2025-06-21 19:54:04.766926+00,"{""sha1"":""a9656f8715b5fb446bcaddb54da44b3edc4145f9"",""upload_date"":""2017-10-06T16:11:02Z"",""commons_categories"":[""Olga Petrova"",""PD-US missing SDC copyright status"",""PD US"",""The Panther Woman""]}"
66,36,advertisement,image,https://upload.wikimedia.org/wikipedia/commons/e/e9/The_Panther_Woman_%281918%29_-_2.jpg,https://upload.wikimedia.org/wikipedia/commons/thumb/e/e9/The_Panther_Woman_%281918%29_-_2.jpg/300px-The_Panther_Woman_%281918%29_-_2.jpg,,The Panther Woman (1918) - 2.jpg,"Advertisement for the American drama film The Panther Woman (1918) with Olga Petrova, on page 14 of the October 12, 1918 Exhibitors Herald.",,wikimedia,File:The Panther Woman (1918) - 2.jpg,https://commons.wikimedia.org/wiki/File:The_Panther_Woman_(1918)_-_2.jpg,public_domain,,Petrova Picture Company / First National Exhibitors' Circuit,Petrova Picture Company / First National Exhibitors' Circuit,,611,834,85416,image/jpeg,,false,,,999,false,false,2025-06-21 19:54:05.078612+00,2025-06-21 19:54:05.078612+00,"{""sha1"":""2eae8ac332d771e5feb2d54e84396d121f60c8c8"",""upload_date"":""2016-01-15T12:41:30Z"",""commons_categories"":[""Olga Petrova"",""PD-US missing SDC copyright status"",""PD US"",""The Panther Woman""]}"
67,37,advertisement,image,https://upload.wikimedia.org/wikipedia/commons/e/e0/Advertisement_for_%22The_House_of_Mirth%22.jpg,https://upload.wikimedia.org/wikipedia/commons/thumb/e/e0/Advertisement_for_%22The_House_of_Mirth%22.jpg/300px-Advertisement_for_%22The_House_of_Mirth%22.jpg,,"Advertisement for ""The House of Mirth"".jpg","Advertisement for the American film The House of Mirth (1918) from the August 17, 1918, Motion Picture World Magazine.",,wikimedia,"File:Advertisement for ""The House of Mirth"".jpg","https://commons.wikimedia.org/wiki/File:Advertisement_for_""The_House_of_Mirth"".jpg",public_domain,,Metro Pictures Corporation,Metro Pictures Corporation,,1409,2007,270389,image/jpeg,,false,,,999,false,false,2025-06-21 19:54:31.870671+00,2025-06-21 19:54:31.870671+00,"{""sha1"":""ebb46dfa08c1d590681aaa62f6701c9cd7e61ed8"",""upload_date"":""2019-02-15T01:46:29Z"",""commons_categories"":[""Henry Kolker"",""Katherine Corri Harris"",""PD US expired"",""The House of Mirth (1918 film)""]}"
68,38,poster,image,https://upload.wikimedia.org/wikipedia/commons/b/bb/The_Unbeliever_1918_poster.jpg,https://upload.wikimedia.org/wikipedia/commons/thumb/b/bb/The_Unbeliever_1918_poster.jpg/300px-The_Unbeliever_1918_poster.jpg,,The Unbeliever 1918 poster.jpg,The Unbeliever is a 1918 American silent propaganda film made towards the end of World War I.,,wikimedia,File:The Unbeliever 1918 poster.jpg,https://commons.wikimedia.org/wiki/File:The_Unbeliever_1918_poster.jpg,public_domain,,Edison Company,Edison Company,,1975,2914,1927382,image/jpeg,,false,,,999,false,false,2025-06-21 20:01:52.583679+00,2025-06-21 20:01:52.583679+00,"{""sha1"":""ddf601881fdf0712c9a266b7c31646470cf0198b"",""upload_date"":""2017-11-06T16:26:50Z"",""commons_categories"":[""1918 film posters of the United States"",""PD US"",""The Unbeliever""]}"
69,38,still,image,https://upload.wikimedia.org/wikipedia/commons/8/8c/The_Unbeliever_%281918%29_-_2.jpg,https://upload.wikimedia.org/wikipedia/commons/thumb/8/8c/The_Unbeliever_%281918%29_-_2.jpg/300px-The_Unbeliever_%281918%29_-_2.jpg,,The Unbeliever (1918) - 2.jpg,"Still from the American propaganda film The Unbeliever (1918) with Marguerite Courtot and Raymond McKee, on page 12 of the February 23, 1918 Exhibitors Herald.",,wikimedia,File:The Unbeliever (1918) - 2.jpg,https://commons.wikimedia.org/wiki/File:The_Unbeliever_(1918)_-_2.jpg,public_domain,,Perfection Pictures / Edison Company,Perfection Pictures / Edison Company,,752,592,84423,image/jpeg,,false,,,999,false,false,2025-06-21 20:01:52.913754+00,2025-06-21 20:01:52.913754+00,"{""sha1"":""1b6ec81fde1ec43b3a8fae37bc70f85b91aae816"",""upload_date"":""2015-11-06T13:06:37Z"",""commons_categories"":[""Marguerite Courtot"",""PD-US missing SDC copyright status"",""PD US"",""Raymond McKee"",""The Unbeliever""]}"
70,38,still,image,https://upload.wikimedia.org/wikipedia/commons/8/85/The_Unbeliever_%281918%29_-_1.jpg,https://upload.wikimedia.org/wikipedia/commons/thumb/8/85/The_Unbeliever_%281918%29_-_1.jpg/300px-The_Unbeliever_%281918%29_-_1.jpg,,The Unbeliever (1918) - 1.jpg,"Still from the American propaganda film The Unbeliever (1918) with Raymond McKee and Marguerite Courtot, on page 15 of the December 29, 1917 Exhibitors Herald.",,wikimedia,File:The Unbeliever (1918) - 1.jpg,https://commons.wikimedia.org/wiki/File:The_Unbeliever_(1918)_-_1.jpg,public_domain,,Perfection Pictures / Edison Company,Perfection Pictures / Edison Company,,390,293,27043,image/jpeg,,false,,,999,false,false,2025-06-21 20:01:53.366048+00,2025-06-21 20:01:53.366048+00,"{""sha1"":""52f0397b6a2e2334946e1931c04fda283ff666ed"",""upload_date"":""2015-09-11T20:09:43Z"",""commons_categories"":[""Marguerite Courtot"",""PD-US missing SDC copyright status"",""PD US"",""Raymond McKee"",""The Unbeliever""]}"
71,39,still,image,https://upload.wikimedia.org/wikipedia/commons/9/94/Uncle_Tom%27s_Cabin_%281918%29_-_2.jpg,https://upload.wikimedia.org/wikipedia/commons/thumb/9/94/Uncle_Tom%27s_Cabin_%281918%29_-_2.jpg/300px-Uncle_Tom%27s_Cabin_%281918%29_-_2.jpg,,Uncle Tom's Cabin (1918) - 2.jpg,"Still for the American drama film Uncle Tom's Cabin (1918) with an unidentified actress and actor and Marguerite Clark (in blackface), on page 33 of the July 20, 1918 Exhibitors Herald.",,wikimedia,File:Uncle Tom's Cabin (1918) - 2.jpg,https://commons.wikimedia.org/wiki/File:Uncle_Tom's_Cabin_(1918)_-_2.jpg,public_domain,,Famous Players-Lasky Corporation / Paramount Pictures,Famous Players-Lasky Corporation / Paramount Pictures,,413,455,49655,image/jpeg,,false,,,999,false,false,2025-06-21 20:02:28.589119+00,2025-06-21 20:02:28.589119+00,"{""sha1"":""b3d4f8bf7f576611a633bb78a500c3be9d42901a"",""upload_date"":""2015-12-24T13:05:58Z"",""commons_categories"":[""Blackface in film"",""Marguerite Clark"",""PD US"",""Uncle Tom's Cabin (1918 film)""]}"
72,39,still,image,https://upload.wikimedia.org/wikipedia/commons/5/56/Uncle_Tom%27s_Cabin_%28SAYRE_14013%29.jpg,https://upload.wikimedia.org/wikipedia/commons/thumb/5/56/Uncle_Tom%27s_Cabin_%28SAYRE_14013%29.jpg/300px-Uncle_Tom%27s_Cabin_%28SAYRE_14013%29.jpg,,Uncle Tom's Cabin (SAYRE 14013).jpg,Still from the American drama film Uncle Tom's Cabin (1918) Subjects: motion pictures,,wikimedia,File:Uncle Tom's Cabin (SAYRE 14013).jpg,https://commons.wikimedia.org/wiki/File:Uncle_Tom's_Cabin_(SAYRE_14013).jpg,public_domain,,Unknown authorUnknown author,Unknown authorUnknown author,,2196,2752,791420,image/jpeg,,false,,,999,false,false,2025-06-21 20:02:28.84592+00,2025-06-21 20:02:28.84592+00,"{""sha1"":""d27baf021f2ecfd520ce136935e89df018bcc94e"",""upload_date"":""2019-07-22T07:14:16Z"",""commons_categories"":[""Images from the J. Willis Sayre Collection of Theatrical Photographs"",""Marguerite Clark"",""PD US expired"",""Template Unknown (author)"",""Uncle Tom's Cabin (1918 film)""]}"
73,39,advertisement,image,https://upload.wikimedia.org/wikipedia/commons/6/60/Uncle_Toms_Cabin_1918_newspaperad.jpg,https://upload.wikimedia.org/wikipedia/commons/thumb/6/60/Uncle_Toms_Cabin_1918_newspaperad.jpg/300px-Uncle_Toms_Cabin_1918_newspaperad.jpg,,Uncle Toms Cabin 1918 newspaperad.jpg,"Uncle Tom's Cabin was a 1918 American silent drama film directed by J. Searle Dawley, produced by Famous Players-Lasky Corporation and distributed by Paramount Pictures under the Famous Players-Lasky name.",,wikimedia,File:Uncle Toms Cabin 1918 newspaperad.jpg,https://commons.wikimedia.org/wiki/File:Uncle_Toms_Cabin_1918_newspaperad.jpg,public_domain,,Famous Players-Lasky Corporation / Paramount Pictures,Famous Players-Lasky Corporation / Paramount Pictures,,3485,2478,1790864,image/jpeg,,false,,,999,false,false,2025-06-21 20:02:29.162674+00,2025-06-21 20:02:29.162674+00,"{""sha1"":""4b4336be9229626cfdaf3c04e22597884a00cb9e"",""upload_date"":""2013-06-10T06:07:45Z"",""commons_categories"":[""Advertising of silent films in print media"",""Marguerite Clark"",""PD-US missing SDC copyright status"",""PD US"",""Uncle Tom's Cabin (1918 film)""]}"
74,42,advertisement,image,https://upload.wikimedia.org/wikipedia/commons/e/ef/Less_Than_Kin_1919_newspaper.jpg,https://upload.wikimedia.org/wikipedia/commons/thumb/e/ef/Less_Than_Kin_1919_newspaper.jpg/300px-Less_Than_Kin_1919_newspaper.jpg,,Less Than Kin 1919 newspaper.jpg,Less Than Kin advertisement,,wikimedia,File:Less Than Kin 1919 newspaper.jpg,https://commons.wikimedia.org/wiki/File:Less_Than_Kin_1919_newspaper.jpg,public_domain,,The Alaska daily empire,The Alaska daily empire,,1340,3086,925298,image/jpeg,,false,,,999,false,false,2025-06-21 20:03:49.020023+00,2025-06-21 20:03:49.020023+00,"{""sha1"":""908e5ebee660333d9441ed961b6ee25521bd655c"",""upload_date"":""2019-03-02T17:02:05Z"",""commons_categories"":[""1918 films of the United States"",""1919 advertisements in the United States"",""Films based on novels"",""Films by Donald Crisp"",""Lost films of the United States"",""Novels by Alice Duer Miller"",""PD US"",""Paramount Pictures live-action films"",""Silent films of the United States""]}"
76,44,still,image,https://upload.wikimedia.org/wikipedia/commons/0/02/Her_Great_Chance_%281918%29_-_1.jpg,https://upload.wikimedia.org/wikipedia/commons/thumb/0/02/Her_Great_Chance_%281918%29_-_1.jpg/300px-Her_Great_Chance_%281918%29_-_1.jpg,,Her Great Chance (1918) - 1.jpg,"Still from the American drama film Her Great Chance (1918) with David Powell, Alice Brady, and an unidentified actor, on page 27 of the October 26, 1918 Exhibitors Herald.",,wikimedia,File:Her Great Chance (1918) - 1.jpg,https://commons.wikimedia.org/wiki/File:Her_Great_Chance_(1918)_-_1.jpg,public_domain,,Select Pictures Corporation,Select Pictures Corporation,,828,566,92991,image/jpeg,,false,,,999,false,false,2025-06-21 20:05:13.149359+00,2025-06-21 20:05:13.149359+00,"{""sha1"":""4d24df2871348e233fb416f96f75310df5f077f4"",""upload_date"":""2016-01-19T13:01:39Z"",""commons_categories"":[""1918 films of the United States"",""Alice Brady in 1918"",""David Powell (actor)"",""Films by Charles Maigne"",""PD-US missing SDC copyright status"",""PD US"",""Select Pictures Corporation films"",""Select Pictures Corporation publicity photos""]}"
77,44,poster,image,https://upload.wikimedia.org/wikipedia/commons/3/3c/Her_Great_Chance_poster.jpg,https://upload.wikimedia.org/wikipedia/commons/thumb/3/3c/Her_Great_Chance_poster.jpg/300px-Her_Great_Chance_poster.jpg,,Her Great Chance poster.jpg,Poster for the 1918 film Her Great Chance'.,,wikimedia,File:Her Great Chance poster.jpg,https://commons.wikimedia.org/wiki/File:Her_Great_Chance_poster.jpg,public_domain,,Select Pictures,Select Pictures,,1355,1992,1193357,image/jpeg,,false,,,999,false,false,2025-06-21 20:05:13.454126+00,2025-06-21 20:05:13.454126+00,"{""sha1"":""cd9d1d4a600708fe113d13a147f47055d952b6b8"",""upload_date"":""2017-07-31T23:40:44Z"",""commons_categories"":[""1918 film posters of the United States"",""Lost films"",""PD US""]}"
78,45,poster,image,https://upload.wikimedia.org/wikipedia/commons/d/d6/The_Dream_Lady.jpg,https://upload.wikimedia.org/wikipedia/commons/thumb/d/d6/The_Dream_Lady.jpg/300px-The_Dream_Lady.jpg,,The Dream Lady.jpg,Poster for the 1918 film The Dream Lady,,wikimedia,File:The Dream Lady.jpg,https://commons.wikimedia.org/wiki/File:The_Dream_Lady.jpg,public_domain,,Unknown (Life time: Unknown),Unknown (Life time: Unknown),,1947,2910,1687149,image/jpeg,,false,,,999,false,false,2025-06-21 20:05:36.411105+00,2025-06-21 20:05:36.411105+00,"{""sha1"":""4d341252f3c3ba04c6bc49048b287fd2a74930eb"",""upload_date"":""2024-01-17T20:49:38Z"",""commons_categories"":[""1918 film posters of the United States"",""Film Posters uploaded by SDudley"",""PD-scan (PD-US-expired)"",""PD US expired"",""The Dream Lady (1918 film)""]}"
79,46,still,image,https://upload.wikimedia.org/wikipedia/commons/f/f2/The_Life_Mask_%281918%29_-_1.jpg,https://upload.wikimedia.org/wikipedia/commons/thumb/f/f2/The_Life_Mask_%281918%29_-_1.jpg/300px-The_Life_Mask_%281918%29_-_1.jpg,,The Life Mask (1918) - 1.jpg,"Still for the American mystery film The Life Mask (1918) with Olga Petrova, on page 21 of the February 23, 1918 Exhibitors Herald.",,wikimedia,File:The Life Mask (1918) - 1.jpg,https://commons.wikimedia.org/wiki/File:The_Life_Mask_(1918)_-_1.jpg,public_domain,,Petrova Picture Company / First National Exhibitors' Circuit,Petrova Picture Company / First National Exhibitors' Circuit,,372,539,46840,image/jpeg,,false,,,999,false,false,2025-06-21 20:05:57.629888+00,2025-06-21 20:05:57.629888+00,"{""sha1"":""6184f132bd90001d54cba24323a8728dbad3a674"",""upload_date"":""2015-11-10T14:07:50Z"",""commons_categories"":[""Ermine (clothing)"",""Fur fashion in 1918"",""Fur scarves"",""Olga Petrova"",""Olga Petrova wearing fur"",""PD US"",""The Life Mask""]}"
80,46,advertisement,image,https://upload.wikimedia.org/wikipedia/commons/9/9e/The_Life_Mask_%281918%29_-_2.jpg,https://upload.wikimedia.org/wikipedia/commons/thumb/9/9e/The_Life_Mask_%281918%29_-_2.jpg/300px-The_Life_Mask_%281918%29_-_2.jpg,,The Life Mask (1918) - 2.jpg,"Advertisement for the American mystery film The Life Mask (1918) with Olga Petrova and Wyndham Standing (dead body), on page 3 of the April 13, 1918 Exhibitors Herald.",,wikimedia,File:The Life Mask (1918) - 2.jpg,https://commons.wikimedia.org/wiki/File:The_Life_Mask_(1918)_-_2.jpg,public_domain,,Petrova Picture Company / First National Exhibitors' Circuit,Petrova Picture Company / First National Exhibitors' Circuit,,569,821,84707,image/jpeg,,false,,,999,false,false,2025-06-21 20:05:57.949193+00,2025-06-21 20:05:57.949193+00,"{""sha1"":""d5a26e2d4bdc5178bd57f13b4771913db54914a5"",""upload_date"":""2015-12-02T17:26:43Z"",""commons_categories"":[""Olga Petrova"",""PD US"",""The Life Mask"",""Wyndham Standing""]}"
81,49,advertisement,image,https://upload.wikimedia.org/wikipedia/commons/7/76/False_Evidence_%281919%29_-_1.jpg,https://upload.wikimedia.org/wikipedia/commons/thumb/7/76/False_Evidence_%281919%29_-_1.jpg/300px-False_Evidence_%281919%29_-_1.jpg,,False Evidence (1919) - 1.jpg,"Newspaper ad for the American drama film False Evidence (1919) with Viola Dana, on page 11 of the January 17, 1920 Duluth Herald.",,wikimedia,File:False Evidence (1919) - 1.jpg,https://commons.wikimedia.org/wiki/File:False_Evidence_(1919)_-_1.jpg,public_domain,,Metro Pictures Corporation,Metro Pictures Corporation,,505,709,90180,image/jpeg,,false,,,999,false,false,2025-06-21 20:07:30.228164+00,2025-06-21 20:07:30.228164+00,"{""sha1"":""29531d25ef2d034253314df4f832c2869af03bd4"",""upload_date"":""2015-06-11T19:32:56Z"",""commons_categories"":[""1920-01-17"",""1920 advertisements in the United States"",""Advertising of silent films in print media"",""Duluth Herald, 1920"",""False Evidence (1919 film)"",""January 1920 in Minnesota"",""PD-US missing SDC copyright status"",""PD US"",""Viola Dana""]}"
82,49,still,image,https://upload.wikimedia.org/wikipedia/commons/7/7d/False_Evidence_%281919%29_-_2.jpg,https://upload.wikimedia.org/wikipedia/commons/thumb/7/7d/False_Evidence_%281919%29_-_2.jpg/300px-False_Evidence_%281919%29_-_2.jpg,,False Evidence (1919) - 2.jpg,"Still from the American drama film False Evidence (1919) with Viola Dana, on page 12 of the January 17, 1920 Duluth Herald.",,wikimedia,File:False Evidence (1919) - 2.jpg,https://commons.wikimedia.org/wiki/File:False_Evidence_(1919)_-_2.jpg,public_domain,,Metro Pictures Corporation,Metro Pictures Corporation,,394,763,60535,image/jpeg,,false,,,999,false,false,2025-06-21 20:07:30.542989+00,2025-06-21 20:07:30.542989+00,"{""sha1"":""f51dc1b720f9f0fd6d5c78e19577827deb6e7aad"",""upload_date"":""2015-06-11T19:32:56Z"",""commons_categories"":[""1920-01-17"",""1920 advertisements in the United States"",""Duluth Herald, 1920"",""False Evidence (1919 film)"",""January 1920 in Minnesota"",""PD-US missing SDC copyright status"",""PD US"",""Viola Dana""]}"
83,50,advertisement,image,https://upload.wikimedia.org/wikipedia/commons/a/a1/The_Bramble_Bush_%281919%29_-_Ad.jpg,https://upload.wikimedia.org/wikipedia/commons/thumb/a/a1/The_Bramble_Bush_%281919%29_-_Ad.jpg/300px-The_Bramble_Bush_%281919%29_-_Ad.jpg,,The Bramble Bush (1919) - Ad.jpg,"Ad for the American film The Bramble Bush (1919) with Corinne Griffith, page 1383 of the August 16, 1919 MotionPicture News.",,wikimedia,File:The Bramble Bush (1919) - Ad.jpg,https://commons.wikimedia.org/wiki/File:The_Bramble_Bush_(1919)_-_Ad.jpg,public_domain,,Vitagraph Company of America,Vitagraph Company of America,,527,723,101841,image/jpeg,,false,,,999,false,false,2025-06-21 20:07:50.82923+00,2025-06-21 20:07:50.82923+00,"{""sha1"":""1a52a8c662479eea81b0794f346bae5d9930b757"",""upload_date"":""2014-01-08T18:31:44Z"",""commons_categories"":[""Corinne Griffith in 1919"",""Motion Picture News, 1919"",""PD-US missing SDC copyright status"",""PD US"",""The Bramble Bush (1919 film)""]}"
84,50,still,image,https://upload.wikimedia.org/wikipedia/commons/4/4f/The_Bramble_Bush_%281919%29_-_1.jpg,https://upload.wikimedia.org/wikipedia/commons/thumb/4/4f/The_Bramble_Bush_%281919%29_-_1.jpg/300px-The_Bramble_Bush_%281919%29_-_1.jpg,,The Bramble Bush (1919) - 1.jpg,"Still from the American film The Bramble Bush (1919) with Corinne Griffith, page 1845 of the August 30, 1919 Motion Picture News.",,wikimedia,File:The Bramble Bush (1919) - 1.jpg,https://commons.wikimedia.org/wiki/File:The_Bramble_Bush_(1919)_-_1.jpg,public_domain,,Vitagraph Company of America,Vitagraph Company of America,,257,311,25767,image/jpeg,,false,,,999,false,false,2025-06-21 20:07:51.220303+00,2025-06-21 20:07:51.220303+00,"{""sha1"":""3d8df51ae4e80d6ff9685663d888563f67bd4689"",""upload_date"":""2014-01-24T22:04:01Z"",""commons_categories"":[""Corinne Griffith in 1919"",""Motion Picture News, 1919"",""PD-US missing SDC copyright status"",""PD US"",""The Bramble Bush (1919 film)""]}"
85,50,still,image,https://upload.wikimedia.org/wikipedia/commons/9/97/The_Bramble_Bush_%281919%29_-_2.jpg,https://upload.wikimedia.org/wikipedia/commons/thumb/9/97/The_Bramble_Bush_%281919%29_-_2.jpg/300px-The_Bramble_Bush_%281919%29_-_2.jpg,,The Bramble Bush (1919) - 2.jpg,"Still from the American film The Bramble Bush (1919) with Corinne Griffith holding a kitten, on page 74 of the August 30, 1919 Exhibitors Herald.",,wikimedia,File:The Bramble Bush (1919) - 2.jpg,https://commons.wikimedia.org/wiki/File:The_Bramble_Bush_(1919)_-_2.jpg,public_domain,,Vitagraph Company of America,Vitagraph Company of America,,348,475,42879,image/jpeg,,false,,,999,false,false,2025-06-21 20:07:51.462366+00,2025-06-21 20:07:51.462366+00,"{""sha1"":""60a421a90e8106cd7da791b6016fc7a17f544d59"",""upload_date"":""2016-05-01T17:25:39Z"",""commons_categories"":[""Corinne Griffith in 1919"",""PD-US missing SDC copyright status"",""PD US"",""The Bramble Bush (1919 film)""]}"
86,50,still,image,https://upload.wikimedia.org/wikipedia/commons/8/82/The_Bramble_Bush_%281919%29_-_3.jpg,https://upload.wikimedia.org/wikipedia/commons/thumb/8/82/The_Bramble_Bush_%281919%29_-_3.jpg/300px-The_Bramble_Bush_%281919%29_-_3.jpg,,The Bramble Bush (1919) - 3.jpg,"Still from the American film The Bramble Bush (1919) with Corinne Griffith and two unidentified actors, on page 75 of the September 13, 1919 Exhibitors Herald. The caption calls this the reconciliation scene.",,wikimedia,File:The Bramble Bush (1919) - 3.jpg,https://commons.wikimedia.org/wiki/File:The_Bramble_Bush_(1919)_-_3.jpg,public_domain,,Vitagraph Company of America,Vitagraph Company of America,,768,585,77750,image/jpeg,,false,,,999,false,false,2025-06-21 20:07:51.717991+00,2025-06-21 20:07:51.717991+00,"{""sha1"":""e03e1610289fd2e216ea530f6a9921db482fe321"",""upload_date"":""2016-05-10T11:42:10Z"",""commons_categories"":[""Corinne Griffith in 1919"",""PD-US missing SDC copyright status"",""PD US"",""The Bramble Bush (1919 film)""]}"